tag_id,name,category,count,right_tag_cn
385430,hatsune_miku_(VOCALOID),4,89677,初音未来(VOCALOID)
12239,hakurei_reimu_(touhou),4,73962,博丽灵梦(东方 Project)
12242,kirisame_marisa_(touhou),4,67226,雾雨魔理沙(东方 Project)
12248,remilia_scarlet_(touhou),4,49813,蕾米莉亚·斯卡蕾特(东方 Project)
12249,flandre_scarlet_(touhou),4,48265,芙兰朵露·斯卡蕾特(东方 Project)
12314,izayoi_sakuya_(touhou),4,44493,十六夜咲夜(东方 Project)
388200,kochiya_sanae_(touhou),4,34152,东风谷早苗(东方 Project)
9123,alice_margatroid_(touhou),4,33846,爱丽丝·玛格特罗依德(东方 Project)
12247,patchouli_knowledge_(touhou),4,33570,帕秋莉·诺蕾姬(东方 Project)
12244,konpaku_youmu_(touhou),4,33386,魂魄妖梦(东方 Project)
1720,cirno_(touhou),4,33294,琪露诺(东方 Project)
427142,komeiji_koishi_(touhou),4,31713,古明地恋(东方 Project)
12246,yakumo_yukari_(touhou),4,31287,八云紫(东方 Project)
12308,shameimaru_aya_(touhou),4,27523,射命丸文(东方 Project)
12304,reisen_udongein_inaba_(touhou),4,26079,铃仙·优昙华院·因幡(东方 Project)
12307,fujiwara_no_mokou_(touhou),4,25741,藤原妹红(东方 Project)
427143,komeiji_satori_(touhou),4,24629,古明地觉(东方 Project)
11374,hong_meiling_(touhou),4,24348,红美铃(东方 Project)
592924,akemi_homura_(mahou_shoujo_madoka_magica),4,24201,晓美焰(魔法少女小圆)
12245,saigyouji_yuyuko_(touhou),4,23212,西行寺幽幽子(东方 Project)
592925,kaname_madoka_(mahou_shoujo_madoka_magica),4,23211,鹿目圆(魔法少女小圆)
395218,inubashiri_momiji_(touhou),4,21718,犬走椛(东方 Project)
12250,yakumo_ran_(touhou),4,19328,八云蓝(东方 Project)
390427,kagamine_rin_(VOCALOID),4,19045,镜音铃(VOCALOID)
427145,kaenbyou_rin_(touhou),4,18358,火焰猫燐(东方 Project)
384842,moriya_suwako_(touhou),4,18215,洩矢诹访子(东方 Project)
2082,rumia_(touhou),4,18126,露米娅(东方 Project)
401582,kazami_yuuka_(touhou),4,17493,风见幽香(东方 Project)
593109,miki_sayaka_(mahou_shoujo_madoka_magica),4,17374,美树沙耶香(魔法少女小圆)
427184,reiuji_utsuho_(touhou),4,17240,灵乌路空(东方 Project)
474,chen_(touhou),4,17156,橙(东方 Project)
1414209,mash_kyrielight_(fate_grand_order),4,16080,玛修·基列莱特(Fate/Grand_Order)
473327,tatara_kogasa_(touhou),4,15983,多多良小伞(东方 Project)
383392,kawashiro_nitori_(touhou),4,15870,河城荷取(东方 Project)
12302,kamishirasawa_keine_(touhou),4,15819,上白泽慧音(东方 Project)
415326,hinanawi_tenshi_(touhou),4,15462,比那名居天子(东方 Project)
604258,sakura_kyoko_(mahou_shoujo_madoka_magica),4,14872,佐仓杏子(魔法少女小圆)
593108,tomoe_mami_(mahou_shoujo_madoka_magica),4,14796,巴麻美(魔法少女小圆)
12306,houraisan_kaguya_(touhou),4,14523,蓬莱山辉夜(东方 Project)
1799,koakuma_(touhou),4,14297,小恶魔(东方 Project)
12300,mystia_lorelei_(touhou),4,14283,米斯蒂娅·萝蕾拉(东方 Project)
475833,souryuu_asuka_langley_(neon_genesis_evangelion),4,13517,惣流明日香(新世纪福音战士)
12303,inaba_tewi_(touhou),4,13472,因幡帝(东方 Project)
12313,ibuki_suika_(touhou),4,13410,伊吹萃香(东方 Project)
473267,nazrin_(touhou),4,12879,娜兹琳(东方 Project)
503349,hijiri_byakuren_(touhou),4,12693,圣白莲(东方 Project)
393597,kagamine_len_(VOCALOID),4,12419,镜音连(VOCALOID)
6313,link_(the_legend_of_zelda),4,12385,林克(塞尔达传说)
1686237,raiden_shogun_(genshin_impact),4,12239,雷电将军(原神)
503343,houjuu_nue_(touhou),4,12031,封兽鵺(东方 Project)
1533309,houshou_marine_(hololive),4,11739,宝钟玛琳(Hololive)
384841,yasaka_kanako_(touhou),4,11452,八坂神奈子(东方 Project)
1593594,gawr_gura_(hololive),4,11448,噶呜·古拉(Hololive)
12305,yagokoro_eirin_(touhou),4,11356,八意永琳(东方 Project)
457810,megurine_luka_(VOCALOID),4,11218,巡音流歌(VOCALOID)
413783,mizuhashi_parsee_(touhou),4,10974,水桥帕露西(东方 Project)
3861,pikachu_(pokemon),4,10538,皮卡丘(宝可梦)
456150,akiyama_mio_(k-on!),4,10077,秋山澪(轻音少女!)
638495,toyosatomimi_no_miko_(touhou),4,9782,丰聪耳神子(东方 Project)
9466,suzumiya_haruhi_(suzumiya_haruhi),4,9541,凉宫春日(凉宫春日)
13814,morichika_rinnosuke_(touhou),4,9414,森近霖之助(东方 Project)
94496,princess_zelda_(the_legend_of_zelda),4,9354,塞尔达公主(塞尔达传说)
384197,kagiyama_hina_(touhou),4,9328,键山雏(东方 Project)
2075918,inkling_player_character_(splatoon),4,9292,斯普拉遁玩家角色(斯普拉遁)
391888,tifa_lockhart_(final_fantasy),4,9278,蒂法·洛克哈特(最终幻想)
465977,hoshiguma_yuugi_(touhou),4,9218,星熊勇仪(东方 Project)
7441,fate_testarossa_(mahou_shoujo_lyrical_nanoha),4,9158,菲特·泰斯特罗莎(魔法少女奈叶)
700405,nishizumi_miho_(girls_und_panzer),4,8940,西住美穗(少女与战车)
465646,tohsaka_rin_(fate),4,8904,远坂凛(Fate 系列)
7493,daiyousei_(touhou),4,8848,大妖精(东方 Project)
638499,mononobe_no_futo_(touhou),4,8823,物部布都(东方 Project)
12299,wriggle_nightbug_(touhou),4,8802,莉格露·奈特巴格(东方 Project)
599169,shanghai_doll_(touhou),4,8797,上海人偶(东方 Project)
472387,nakano_azusa_(k-on!),4,8741,中野梓(轻音少女!)
9715,nagato_yuki_(suzumiya_haruhi),4,8684,长门有希(凉宫春日)
1479836,shirakami_fubuki_(hololive),4,8635,白上吹雪(Hololive)
465688,shiki_eiki_(touhou),4,8600,四季映姬(东方 Project)
12342,usami_renko_(touhou),4,8579,宇佐见莲子(东方 Project)
395918,misaka_mikoto_(toaru_majutsu_no_index),4,8470,御坂美琴(魔法禁书目录)
12311,onozuka_komachi_(touhou),4,8463,小野冢小町(东方 Project)
12108,illyasviel_von_einzbern_(fate),4,8259,伊莉雅丝菲尔·冯·爱因兹贝伦(Fate 系列)
455424,hirasawa_yui_(k-on!),4,8251,平泽唯(轻音少女!)
506041,maribel_hearn_(touhou),4,8249,玛艾露贝莉·赫恩(东方 Project)
600200,kyubey_(mahou_shoujo_madoka_magica),4,8249,丘比(魔法少女小圆)
1733099,yae_miko_(genshin_impact),4,8153,八重神子(原神)
1233711,imaizumi_kagerou_(touhou),4,8134,今泉影狼(东方 Project)
1964304,gotoh_hitori_(bocchi_the_rock!),4,8111,后藤一里(孤独摇滚!)
8327,ayanami_rei_(neon_genesis_evangelion),4,7965,绫波丽(新世纪福音战士)
503351,toramaru_shou_(touhou),4,7667,寅丸星(东方 Project)
8552,takamachi_nanoha_(mahou_shoujo_lyrical_nanoha),4,7658,高町奈叶(魔法少女奈叶)
1511608,inkling_girl_(splatoon),4,7624,斯普拉遁女孩(斯普拉遁)
1531173,usada_pekora_(hololive),4,7611,兔田佩克拉(Hololive)
378876,joseph_joestar_(jojo_no_kimyou_na_bouken),4,7552,乔瑟夫·乔斯达(JOJO 的奇妙冒险)
1231258,matoi_ryuuko_(kill_la_kill),4,7459,缠流子(斩服少女)
1648389,yor_briar_(spy_x_family),4,7187,约尔·布莱尔(间谍过家家)
1525565,hoshimachi_suisei_(hololive),4,7115,星街彗星(Hololive)
456151,tainaka_ritsu_(k-on!),4,7114,田井中律(轻音少女!)
544560,himekaidou_hatate_(touhou),4,7114,姬海棠极(东方 Project)
1287532,megumin_(kono_subarashii_sekai_ni_shukufuku_wo!),4,7050,惠惠(为美好的世界献上祝福!)
592977,nishikino_maki_(love_live!),4,7024,西木野真姫(LoveLive!)
1593596,ninomae_ina'nis_(hololive),4,6999,一伊那尼斯_(HoloLive)
1593595,mori_calliope_(hololive),4,6928,森美声(Hololive)
713730,kafuu_chino_(gochuumon_wa_usagi_desu_ka?),4,6920,香风智乃(请问您今天要来点兔子吗？)
638538,kaku_seiga_(touhou),4,6914,霍青娥(东方 Project)
615562,toujou_nozomi_(love_live!),4,6909,东条希(LoveLive!)
593046,sonoda_umi_(love_live!),4,6883,园田海未(LoveLive!)
662185,shibuya_rin_(idolmaster_cinderella_girls),4,6810,涉谷凛(偶像大师_灰姑娘女孩)
503350,murasa_minamitsu_(touhou),4,6732,村纱水蜜(东方 Project)
1585358,northern_ocean_princess_(kantai_collection),4,6674,北方栖姬(舰队 Collection)
699794,nanami_chiaki_(danganronpa),4,6647,七海千秋(弹丸论破)
1495213,minato_aqua_(hololive),4,6646,湊阿库娅(Hololive)
445942,gardevoir_(pokemon),4,6606,沙奈朵(宝可梦)
593043,ayase_eli_(love_live!),4,6506,绚濑绘里(LoveLive!)
592974,yazawa_nico_(love_live!),4,6495,矢泽妮可(LoveLive!)
656409,yuzuki_yukari_(vocaloid),4,6481,结月缘(vocaloid)
413645,nagae_iku_(touhou),4,6428,永江衣玖(东方 Project)
54494,kujo_jotaro_(jojo_no_kimyou_na_bouken),4,6407,空条承太郎(JOJO 的奇妙冒险)
1233709,hata_no_kokoro_(touhou),4,6399,秦心(东方 Project)
570051,ibaraki_kasen_(touhou),4,6301,茨木华扇(东方 Project)
13108,chun-li_(street_fighter),4,6261,春丽(街头霸王)
7439,kinomoto_sakura_(cardcaptor_sakura),4,6112,木之本樱(魔卡少女樱)
1518952,nekomata_okayu_(hololive),4,6097,猫又小粥(Hololive)
638583,soga_no_tojiko_(touhou),4,6039,苏我屠自古(东方 Project)
10365,cloud_strife_(final_fantasy),4,6004,克劳德·史特莱夫(最终幻想)
413652,kurodani_yamame_(touhou),4,5991,黑谷山女(东方 Project)
619180,kasodani_kyouko_(touhou),4,5982,幽谷响子(东方 Project)
7438,matou_sakura_(fate),4,5971,间桐樱(Fate 系列)
619181,miyako_yoshika_(touhou),4,5945,宫古芳香(东方 Project)
473328,kumoi_ichirin_(touhou),4,5918,云居一轮(东方 Project)
1239690,rensouhou-chan_(kantai_collection),4,5885,连装炮酱(舰队 Collection)
1593597,takanashi_kiara_(hololive),4,5781,小鸟游琪亚拉(Hololive)
101752,hoshii_miki_(idolmaster),4,5749,星井美希(偶像大师)
1328621,clownpiece_(touhou),4,5669,克劳恩皮丝(东方 Project)
1549065,tokoyami_towa_(hololive),4,5620,常暗永远(Hololive)
1243755,kijin_seija_(touhou),4,5611,鬼人正邪(东方 Project)
382074,hiiragi_kagami_(lucky_star),4,5548,柊镜(幸运星)
11941,samus_aran_(metroid),4,5535,萨姆斯·阿兰(银河战士)
456152,kotobuki_tsumugi_(k-on!),4,5533,琴吹紬(轻音少女!)
1593598,watson_amelia_(hololive),4,5462,华生·阿米莉亚(Hololive)
713720,nishizumi_maho_(girls_und_panzer),4,5450,西住真穗(少女与战车)
11498,kirby_(kirby),4,5440,卡比(星之卡比)
1685272,ouro_kronii_(hololive),4,5419,奥罗·克罗尼(Hololive)
1651926,kamisato_ayaka_(genshin_impact),4,5404,神里绫华(原神)
52967,princess_peach_(super_mario),4,5392,碧姬公主(超级马力欧)
1685271,nanashi_mumei_(hololive),4,5378,七诗无名(Hololive)
1233706,sekibanki_(touhou),4,5354,赤蛮奇(东方 Project)
713721,itsumi_erika_(girls_und_panzer),4,5309,逸见艾丽卡(少女与战车)
10658,emiya_shirou_(fate),4,5307,卫宫士郎(Fate 系列)
383424,aki_minoriko_(touhou),4,5292,秋穰子(东方 Project)
593045,minami_kotori_(love_live!),4,5250,南小鸟(LoveLive!)
466669,c.c._(code_geass),4,5237,C.C.(Code_Geass_反叛的鲁路修)
452021,hieda_no_akyuu_(touhou),4,5214,稗田阿求(东方 Project)
382075,izumi_konata_(lucky_star),4,5162,泉此方(幸运星)
279302,dio_brando_(jojo_no_kimyou_na_bouken),4,5154,迪奥·布兰度(JOJO 的奇妙冒险)
405454,aerith_gainsborough_(final_fantasy),4,5112,艾丽丝·盖恩斯巴勒(最终幻想)
7866,tsukino_usagi_(sailor_moon),4,5078,月野兔(美少女战士)
434767,caesar_anthonio_zeppeli_(jojo_no_kimyou_na_bouken),4,5064,凯撒·安东尼奥·齐贝林(JOJO 的奇妙冒险)
1533307,shirogane_noel_(hololive),4,5012,白银诺艾尔(Hololive)
9071,amami_haruka_(idolmaster),4,4941,天海春香(偶像大师)
1515171,sakura_miko_(hololive),4,4933,樱巫女(Hololive)
1243757,sukuna_shinmyoumaru_(touhou),4,4931,少名针妙丸(东方 Project)
510663,yoko_littner_(tengen_toppa_gurren_lagann),4,4865,优子·利特纳(天元突破红莲螺岩)
638500,futatsuiwa_mamizou_(touhou),4,4856,二岩猯藏(东方 Project)
700403,akiyama_yukari_(girls_und_panzer),4,4773,秋山优花里(少女与战车)
383855,aki_shizuha_(touhou),4,4736,秋静叶(东方 Project)
1518950,inugami_korone_(hololive),4,4735,戌神沁音(Hololive)
424565,shijou_takane_(idolmaster),4,4697,四条贵音(偶像大师)
12295,letty_whiterock_(touhou),4,4678,蕾蒂·霍瓦特罗克(东方 Project)
701140,komaeda_nagito_(danganronpa),4,4673,狛枝凪斗(弹丸论破)
1246753,senketsu_(kill_la_kill),4,4668,神衣鲜血(斩服少女)
593044,kousaka_honoka_(love_live!),4,4648,高坂穗乃果(LoveLive!)
466315,ash_ketchum_(pokemon),4,4642,小智(宝可梦)
1549061,amane_kanata_(hololive),4,4622,天音彼方(Hololive)
21,suigintou_(rozen_maiden),4,4617,水银灯(蔷薇少女)
1316173,watanabe_you_(love_live!),4,4615,渡边曜(LoveLive!)
1502759,ookami_mio_(hololive),4,4604,大神澪(Hololive)
1248945,wo-class_aircraft_carrier_(kantai_collection),4,4585,Wo级航空母舰(舰队 Collection)
1500247,oozora_subaru_(hololive),4,4572,大空昴(Hololive)
422767,gumi_(vocaloid),4,4565,GUMI(vocaloid)
1231257,kiryuuin_satsuki_(kill_la_kill),4,4565,鬼龙院皋月(斩服少女)
1328656,hecatia_lapislazuli_(touhou),4,4546,赫卡提亚·拉碧斯拉兹利(东方 Project)
9072,kisaragi_chihaya_(idolmaster),4,4503,如月千早(偶像大师)
9079,kikuchi_makoto_(idolmaster),4,4457,菊地真(偶像大师)
665139,shirasaka_koume_(idolmaster_cinderella_girls),4,4443,白坂小梅(偶像大师_灰姑娘女孩)
1511455,yumemi_riamu_(idolmaster_cinderella_girls),4,4426,梦见璃亚梦(偶像大师_灰姑娘女孩)
9078,minase_iori_(idolmaster),4,4425,水濑伊织(偶像大师)
15550,morrigan_aensland_(darkstalkers),4,4415,莫莉卡·安斯兰特(恶魔战士)
422691,oshino_shinobu_(bakemonogatari),4,4414,忍野忍(化物语)
615222,hoshizora_rin_(love_live!),4,4349,星空凛(LoveLive!)
1770073,nishikigi_chisato_(lycoris_recoil),4,4294,锦木千束(Lycoris_Recoil_莉可丽丝)
1934883,oma_kokichi_(danganronpa),4,4286,王马小吉(弹丸论破)
1531312,uruha_rushia_(hololive),4,4285,润羽露西娅(Hololive)
660315,shimamura_uzuki_(idolmaster_cinderella_girls),4,4275,岛村卯月(偶像大师_灰姑娘女孩)
472979,saber_alter_(fate),4,4265,黑Saber(Fate 系列)
1292960,midoriya_izuku_(boku_no_hero_academia),4,4252,绿谷出久(我的英雄学院)
1586173,yukihana_lamy_(hololive),4,4241,雪花菈米(Hololive)
13270,cammy_white_(street_fighter),4,4227,嘉米·怀特(街头霸王)
460796,ex-keine_(touhou),4,4216,旧慧音(东方 Project)
1586175,shishiro_botan_(hololive),4,4216,狮白牡丹(Hololive)
1719003,sakamata_chloe_(hololive),4,4204,沙花叉库洛艾(Hololive)
425446,ganaha_hibiki_(idolmaster),4,4177,我那霸响(偶像大师)
1561704,higuchi_madoka_(idolmaster),4,4165,樋口圆香(偶像大师)
1435314,oyama_mahiro_(onimai),4,4155,绪山真寻(别当欧尼酱了!)
701382,hinata_hajime_(danganronpa),4,4152,日向创(弹丸论破)
665166,takagaki_kaede_(idolmaster_cinderella_girls),4,4133,高垣枫(偶像大师_灰姑娘女孩)
1233049,sagisawa_fumika_(idolmaster_cinderella_girls),4,4117,鹭泽文香(偶像大师_灰姑娘女孩)
16266,son_goku_(dragon_ball),4,4066,孙悟空(龙珠)
9750,asahina_mikuru_(suzumiya_haruhi),4,4045,朝比奈实玖琉(凉宫春日)
1586112,frieren_(sousou_no_frieren),4,4045,芙莉莲(葬送的芙莉莲)
1233712,wakasagihime_(touhou),4,4042,若鹭姬(东方 Project)
646093,ultimate_madoka_(mahou_shoujo_madoka_magica),4,3994,终极圆神(魔法少女小圆)
12257,ikari_shinji_(neon_genesis_evangelion),4,3960,碇真嗣(新世纪福音战士)
1328609,kishin_sagume_(touhou),4,3942,稀神萨古美(东方 Project)
1527899,kitagawa_marin_(sono_bisque_doll_wa_koi_wo_suru),4,3869,喜多川海梦(更衣人偶坠入爱河)
1805355,suletta_mercury_(gundam),4,3861,苏莱塔·墨丘利(高达)
1934951,saihara_shuichi_(danganronpa),4,3849,最原终一(弹丸论破)
592976,koizumi_hanayo_(love_live!),4,3794,小泉花阳(LoveLive!)
1491767,murasaki_shion_(hololive),4,3780,紫咲诗音(Hololive)
8882,lily_white_(touhou),4,3774,Lily White(东方 Project)
670056,kuroki_tomoko_(watamote),4,3767,黑木智子(我不受欢迎，怎么想都是你们的错!)
3030,mario_(super_mario),4,3760,马力欧(超级马力欧)
664384,jougasaki_mika_(idolmaster_cinderella_girls),4,3739,城崎美嘉(偶像大师_灰姑娘女孩)
9075,takatsuki_yayoi_(idolmaster),4,3733,高槻弥生(偶像大师)
9681,kyon_(suzumiya_haruhi),4,3707,阿虚(凉宫春日)
1493247,bowsette_(super_mario),4,3701,库巴姬(超级马力欧)
1292959,uraraka_ochako_(boku_no_hero_academia),4,3695,丽日御茶子(我的英雄学院)
1549082,kiryu_coco_(hololive),4,3693,桐生可可(Hololive)
1719009,la+_darknesss_(1st_costume),4,3690,达克尼斯(Hololive)
663994,kanzaki_ranko_(idolmaster_cinderella_girls),4,3666,神崎兰子(偶像大师_灰姑娘女孩)
11055,furude_rika_(higurashi_no_naku_koro_ni),4,3652,古手梨花(寒蝉鸣泣之时)
8048,sailor_moon_(sailor_moon),4,3646,水兵月(美少女战士)
11853,haruno_sakura_(naruto),4,3632,春野樱(火影忍者)
700407,takebe_saori_(girls_und_panzer),4,3615,武部沙织(少女与战车)
445932,eevee_(pokemon),4,3597,伊布(宝可梦)
1316172,tsushima_yoshiko_(love_live!),4,3590,津岛善子(LoveLive!)
620127,narukami_yuu_(persona),4,3570,鸣上悠(女神异闻录)
413714,kisume_(touhou),4,3567,琪斯美(东方 Project)
1770074,inoue_takina_(lycoris_recoil),4,3521,井之上泷奈(Lycoris_Recoil_莉可丽丝)
593780,super_sonico_(sonico),4,3516,超级索尼子(超级索尼子)
1500246,nakiri_ayame_(hololive),4,3506,百鬼绫目(Hololive)
1585359,seaport_princess_(kantai_collection),4,3498,港湾栖姬(舰队 Collection)
1782917,kita_ikuyo_(bocchi_the_rock!),4,3494,喜多郁代(孤独摇滚!)
1533296,shiranui_flare_(hololive),4,3486,不知火芙蕾雅(Hololive)
1685270,hakos_baelz_(hololive),4,3460,哈可斯·贝尔兹(Hololive)
1265245,ichinose_shiki_(idolmaster),4,3458,一之濑志希(偶像大师)
14152,kakyoin_noriaki_(jojo_no_kimyou_na_bouken),4,3455,花京院典明(JOJO 的奇妙冒险)
1159816,mirko_(boku_no_hero_academia),4,3450,米尔科(我的英雄学院)
687394,nitta_minami_(idolmaster_cinderella_girls),4,3432,新田美波(偶像大师_灰姑娘女孩)
1480186,takarada_rikka_(ssss.gridman),4,3429,宝多六花(SSSS.古立特)
550231,gokou_ruri_(oreimo),4,3426,五更瑠璃(我的妹妹哪有这么可爱!)
1271042,kiana_kaslana_(honkai_impact),4,3422,琪亚娜·卡斯兰娜(崩坏 3)
1532725,edelgard_von_hresvelg_(fire_emblem),4,3389,艾黛尔贾特·冯·赫雷斯瓦格(火焰之纹章)
413395,kujo_jolyne_(jojo_no_kimyou_na_bouken),4,3386,空条徐伦(JOJO 的奇妙冒险)
633863,tachibana_arisu_(idolmaster_cinderella_girls),4,3383,橘爱丽丝(偶像大师_灰姑娘女孩)
12309,medicine_melancholy_(touhou),4,3378,药师寺枫(东方 Project)
1317066,doremy_sweet_(touhou),4,3339,多萝西·斯威特(东方 Project)
1509453,fu_hua_(honkai_impact),4,3335,符华(崩坏 3)
662047,sanya_v._litvyak_(World Witches Series),4,3326,桑妮娅·V·利特维亚克(强袭魔女系列)
634453,barnaby_brooks_jr._(tiger_&_bunny),4,3325,巴纳比·布鲁克斯 Jr.(老虎和兔子)
12296,lunasa_prismriver_(touhou),4,3322,露娜萨·普莉兹姆利巴(东方 Project)
413396,giorno_giovanna_(jojo_no_kimyou_na_bouken),4,3302,乔鲁诺·乔巴纳(JOJO 的奇妙冒险)
1316171,sakurauchi_riko_(love_live!),4,3297,樱内梨子(LoveLive!)
1054766,chloe_von_einzbern_(fate),4,3276,克洛伊·冯·爱因兹贝伦(Fate 系列)
1499605,natsuiro_matsuri_(hololive),4,3276,夏色祭(Hololive)
421104,eila_ilmatar_juutilainen_(strike_witches),4,3269,艾拉·伊尔玛塔·尤蒂莱南(强袭魔女)
12355,uzumaki_naruto_(naruto),4,3259,漩涡鸣人(火影忍者)
1292961,bakugou_katsuki_(boku_no_hero_academia),4,3250,爆豪胜己(我的英雄学院)
407911,jonathan_joestar_(jojo_no_kimyou_na_bouken),4,3237,乔纳森·乔斯达(JOJO 的奇妙冒险)
1805391,miorine_rembran_(gundam),4,3230,米奥莉奈·伦布兰(高达)
1678980,sangonomiya_kokomi_(genshin_impact),4,3226,珊瑚宫心海(原神)
1317065,usami_sumireko_(touhou),4,3218,宇佐见堇子(东方 Project)
649985,kaburagi_t._kotetsu_(Tiger & Bunny),4,3203,镝木·T·虎彻(老虎和兔子)
8553,yagami_hayate_(mahou_shoujo_lyrical_nanoha),4,3199,八神疾风(魔法少女奈叶)
539110,yuki_miku_(vocaloid),4,3198,雪初音(vocaloid)
12107,kotomine_kirei_(fate),4,3194,言峰绮礼(Fate 系列)
563892,kirito_(sword_art_online),4,3194,桐人(刀剑神域)
620175,mikasa_ackerman_(shingeki_no_kyojin),4,3194,三笠·阿克曼(进击的巨人)
1782915,ijichi_nijika_(bocchi_the_rock!),4,3192,伊地知虹夏(孤独摇滚!)
1525541,gojou_satoru_(jujutsu_kaisen),4,3188,五条悟(咒术回战)
382076,hiiragi_tsukasa_(lucky_star),4,3174,柊司(幸运星)
1468120,nakano_nino_(go-toubun_no_hanayome),4,3168,中野二乃(五等分的新娘)
660098,futaba_anzu_(idolmaster_cinderella_girls),4,3158,双叶杏(偶像大师_灰姑娘女孩)
1342592,shimada_arisu_(girls_und_panzer),4,3149,岛田爱丽丝(少女与战车)
665397,koshimizu_sachiko_(idolmaster_cinderella_girls),4,3146,小清水幸子(偶像大师_灰姑娘女孩)
711691,motoori_kosuzu_(touhou),4,3133,本居小铃(东方 Project)
1524970,reisalin_stout_(atelier),4,3126,莱莎琳·斯托特(炼金工房系列)
437574,shirai_kuroko_(toaru_majutsu_no_index),4,3120,白井黑子(魔法禁书目录)
13543,hyuuga_hinata_(naruto),4,3115,日向雏田(火影忍者)
419123,shirogane_naoto_(persona),4,3085,白金直斗(女神异闻录)
527774,monkey_d._luffy_(One Piece),4,3059,蒙奇·D·路飞(海贼王)
11349,ryuuguu_rena_(higurashi_no_naku_koro_ni),4,3055,龙宫礼奈(寒蝉鸣泣之时)
1240694,ruby_rose_(rwby),4,3040,露比·罗斯(RWBY)
403357,nia_teppelin_(tengen_toppa_gurren_lagann),4,3029,妮亚·帖佩林(天元突破红莲螺岩)
12514,shiranui_mai_(fatal_fury),4,3018,不知火舞(饿狼传说)
8956,star_sapphire_(touhou),4,3006,星光蓝宝石(东方 Project)
1276066,hoto_cocoa_(gochuumon_wa_usagi_desu_ka?),4,3002,保登心爱(请问您今天要来点兔子吗？)
1452972,yorigami_shion_(touhou),4,2996,依神紫苑(东方 Project)
398775,sheryl_nome_(macross),4,2983,雪莉露·诺姆(超时空要塞)
375279,waver_velvet_(fate),4,2981,韦伯·维尔维特(Fate 系列)
1283598,bronya_zaychik_(honkai_impact),4,2976,布洛妮娅·扎伊切克(崩坏 3)
1685269,ceres_fauna_(hololive),4,2971,赛雷斯·法乌娜(Hololive)
411462,aisaka_taiga_(toradora!),4,2963,逢坂大河(龙与虎)
407910,higashikata_josuke_(jojo_no_kimyou_na_bouken),4,2963,东方仗助(JOJO 的奇妙冒险)
1443053,nakano_miku_(go-toubun_no_hanayome),4,2960,中野三玖(五等分的新娘)
9077,miura_azusa_(idolmaster),4,2957,三浦梓(偶像大师)
1316036,takami_chika_(love_live!),4,2950,高海千歌(LoveLive!)
721694,tatsumaki_(one_punch_man),4,2948,龙卷(一拳超人)
663996,jougasaki_rika_(idolmaster_cinderella_girls),4,2933,城崎莉嘉(偶像大师_灰姑娘女孩)
1448715,kizuna_akari_(vocaloid),4,2932,紲星灯(vocaloid)
700406,reizei_mako_(girls_und_panzer),4,2922,冷泉麻子(少女与战车)
16122,nico_robin_(one_piece),4,2917,妮可·罗宾(海贼王)
1675937,kaedehara_kazuha_(genshin_impact),4,2906,枫原万叶(原神)
9074,hagiwara_yukiho_(idolmaster),4,2902,萩原雪步(偶像大师)
761961,weiss_schnee_(rwby),4,2898,薇丝·雪倪(RWBY)
8955,luna_child_(touhou),4,2884,露娜·查尔德(东方 Project)
664492,maekawa_miku_(idolmaster_cinderella_girls),4,2884,前川未来(偶像大师_灰姑娘女孩)
1515525,mayuzumi_fuyuko_(idolmaster_cinderella_girls),4,2883,黛冬优子(偶像大师_灰姑娘女孩)
508752,pyonta_(touhou),4,2876,胖太(东方 Project)
344358,roronoa_zoro_(one_piece),4,2867,罗罗诺亚·索隆(海贼王)
476837,holo_(spice_and_wolf),4,2853,赫萝(狼与香辛料)
1262414,izumi_sagiri_(eromanga_sensei),4,2851,和泉纱雾(埃罗芒阿老师)
406263,satonaka_chie_(persona),4,2848,里中千枝(女神异闻录)
2075923,octoling_player_character_(splatoon),4,2838,章鱼娘玩家角色(斯普拉遁)
1271044,raiden_mei_(honkai_impact),4,2828,雷电芽衣(崩坏 3)
758462,kirigiri_kyoko_(danganronpa),4,2827,雾切响子(弹丸论破)
466393,lelouch_vi_britannia_(code_geass),4,2822,鲁路修·Vi·布里塔尼亚(Code_Geass_反叛的鲁路修)
8954,sunny_milk_(touhou),4,2820,桑尼·米尔克(东方 Project)
626945,shokuhou_misaki_(toaru_majutsu_no_index),4,2794,食蜂操祈(魔法禁书目录)
1246772,mankanshoku_mako_(kill_la_kill),4,2786,满舰饰真子(斩服少女)
401823,sonic_the_hedgehog_(sonic_the_hedgehog),4,2776,索尼克(刺猬索尼克)
660394,midorikawa_nao_(idolmaster_cinderella_girls),4,2775,绿川直(偶像大师_灰姑娘女孩)
378867,dark_magician_girl_(yu-gi-oh!),4,2752,黑魔导女孩(游戏王)
9076,akizuki_ritsuko_(idolmaster),4,2740,秋月律子(偶像大师)
660393,kise_yayoi_(idolmaster_cinderella_girls),4,2737,黄濑弥生(偶像大师_灰姑娘女孩)
527779,han_juri_(street_fighter),4,2734,韩蛛俐(街头霸王)
510605,makise_kurisu_(steins_gate),4,2733,牧濑红莉栖(命运石之门)
1387675,kamado_nezuko_(kimetsu_no_yaiba),4,2721,灶门祢豆子(鬼灭之刃)
1452342,amamiya_ren_(persona),4,2717,雨宫莲(女神异闻录)
12405,nagisa_kaworu_(neon_genesis_evangelion),4,2677,渚薰(新世纪福音战士)
1762231,kirima_syaro_(gochuumon_wa_usagi_desu_ka?),4,2677,桐间纱路(请问您今天要来点兔子吗？)
466559,kouzuki_kallen_(code_geass),4,2672,红月卡莲(Code_Geass_反叛的鲁路修)
1964868,yamada_ryo_(bocchi_the_rock!),4,2670,山田凉(孤独摇滚!)
473279,unzan_(touhou),4,2665,云山(东方 Project)
601487,enoshima_junko_(danganronpa),4,2658,江之岛盾子(弹丸论破)
471219,kousaka_kirino_(oreimo),4,2657,高坂桐乃(我的妹妹哪有这么可爱!)
11053,houjou_satoko_(higurashi_no_naku_koro_ni),4,2655,北条沙都子(寒蝉鸣泣之时)
700933,hayami_kanade_(idolmaster_cinderella_girls),4,2645,速水奏(偶像大师_灰姑娘女孩)
1236625,eren_yeager_(shingeki_no_kyojin),4,2617,艾伦·耶格尔(进击的巨人)
438339,rotom_(pokemon),4,2585,洛托姆(宝可梦)
12094,arcueid_brunestud_(tsukihime),4,2582,爱尔奎特·布伦史塔德(月姬)
499269,miyu_edelfelt_(fate),4,2577,美游·艾德费尔特(Fate 系列)
414822,miyafuji_yoshika_(strike_witches),4,2564,宫藤芳佳(强袭魔女)
658637,chitanda_eru_(hyouka),4,2548,千反田爱瑠(冰菓)
1398811,kanna_kamui_(kobayashi-san_chi_no_maid_dragon),4,2546,康娜卡姆依(小林家的龙女仆)
12112,emiya_kiritsugu_(fate),4,2532,卫宫切嗣(Fate 系列)
414823,erica_hartmann_(strike_witches),4,2528,艾丽卡·哈特曼(强袭魔女)
1452975,yorigami_jo'on_(touhou),4,2525,依神女苑(东方 Project)
1464778,nakano_yotsuba_(go-toubun_no_hanayome),4,2515,中野四叶(五等分的新娘)
438007,kamijou_touma_(toaru_majutsu_no_index),4,2510,上条当麻(魔法禁书目录)
717140,hishikawa_rikka_(chuunibyou),4,2506,菱川六花(中二病)
1366306,rowlet_(pokemon),4,2493,木木枭(宝可梦)
670005,yukine_chris_(senki_zesshou_symphogear),4,2471,雪音克莉丝(战姬绝唱)
12297,merlin_prismriver_(touhou),4,2465,梅露兰·普莉兹姆利巴(东方 Project)
12564,uchiha_sasuke_(naruto),4,2464,宇智波佐助(火影忍者)
1481047,akai_haato_(hololive),4,2459,赤井心(Hololive)
10284,asakura_ryouko_(suzumiya_haruhi),4,2456,朝仓凉子(凉宫春日)
554006,tachibana_kanade_(angel_beats!),4,2443,立华奏(Angel_Beats!)
4587,shana_(shakugan_no_shana),4,2441,夏娜(灼眼的夏娜)
9081,futami_mami_(idolmaster),4,2441,双海真美(偶像大师)
482064,makinami_mari_illustrious_(neon_genesis_evangelion),4,2440,真希波·真理·伊拉丝多莉亚斯(新世纪福音战士)
660390,aoki_reika_(idolmaster_cinderella_girls),4,2440,青木丽华(偶像大师_灰姑娘女孩)
420872,gertrud_barkhorn_(strike_witches),4,2417,格特鲁德·巴克霍隆(强袭魔女)
12298,lyrica_prismriver_(touhou),4,2406,莉莉卡·普莉兹姆利巴(东方 Project)
1719005,hakui_koyori_(hololive),4,2401,白衣小夜里(Hololive)
394317,rosalina_(super_mario),4,2388,罗莎塔(超级马力欧)
394054,louise_francoise_le_blanc_de_la_valliere_(zero_no_tsukaima),4,2383,露易丝·法兰西斯·勒·布朗·德·拉·瓦利埃尔(零之使魔)
1341257,toga_himiko_(boku_no_hero_academia),4,2378,渡我被身子(我的英雄学院)
1459161,tsukino_mito_(2.5_jigen_no_rikyuu),4,2378,月之美兔(2.5 次元的诱惑)
573907,blue_oak_(pokemon),4,2357,青绿（宝可梦）(宝可梦)
1634527,arima_kana_(oshi_no_bushi),4,2357,有马加奈(【我推的孩子】)
1525544,itadori_yuuji_(jujutsu_kaisen),4,2353,虎杖悠仁(咒术回战)
700404,isuzu_hana_(girls_und_panzer),4,2334,五十铃华(少女与战车)
1432299,matara_okina_(touhou),4,2332,摩多罗隐岐奈(东方 Project)
1817174,inkling_boy_(splatoon),4,2331,斯普拉遁男孩(斯普拉遁)
1255756,t-head_admiral_(Azur_Lane),4,2325,T字头提督(碧蓝航线)
436994,sakurai_momoka_(idolmaster_cinderella_girls),4,2300,樱井桃华(偶像大师_灰姑娘女孩)
409162,senjougahara_hitagi_(bakemonogatari),4,2298,战场原黑仪(化物语)
454513,hanekawa_tsubasa_(bakemonogatari),4,2298,羽川翼(化物语)
395970,ranka_lee_(macross),4,2293,兰卡·李(超时空要塞)
549180,kashiwazaki_sena_(boku_wa_tomodachi_ga_sukunai),4,2289,柏崎星奈(我的朋友很少)
1267920,re-class_battleship_(Kancolle),4,2289,Re级战舰(舰队 Collection)
1549045,tsunomaki_watame_(hololive),4,2288,角卷绵芽(Hololive)
385134,ushiromiya_battler_(umineko_no_naku_koro_ni),4,2284,右代宫战人(海猫鸣泣之时)
1257126,p-head_producer_(idolmaster),4,2279,P字头制作人(偶像大师)
99,shinku_(rozen_maiden),4,2278,真红(蔷薇少女)
772426,ohtsuki_yui_(idolmaster_cinderella_girls),4,2278,大槻唯(偶像大师_灰姑娘女孩)
1234829,yang_xiao_long_(rwby),4,2272,阳小龙(RWBY)
1316167,kurosawa_dia_(love_live!),4,2271,黑泽黛雅(LoveLive!)
1316169,matsuura_kanan_(love_live!),4,2270,松浦果南(LoveLive!)
386434,piplup_(pokemon),4,2260,波加曼(宝可梦)
403861,kyonko_(suzumiya_haruhi),4,2250,虚子（凉宫春日）(凉宫春日)
1586177,omaru_polka_(hololive),4,2242,尾丸波尔卡(Hololive)
1384409,akamatsu_kaede_(danganronpa),4,2224,赤松枫(弹丸论破)
615600,toshinou_kyouko_(yuru_yuri),4,2216,岁纳京子(摇曳百合)
1402355,kagari_atsuko_(little_witch_academia),4,2206,篝敦子(小魔女学园)
445847,charizard_(pokemon),4,2197,喷火龙(宝可梦)
1250847,junketsu_(kill_la_kill),4,2190,神衣纯洁(斩服少女)
598066,houjou_hibiki_(senki_zesshou_symphogear),4,2189,北条响(战姬绝唱)
1252196,akuma_homura_(mahou_shoujo_madoka_magica),4,2185,恶魔焰(魔法少女小圆)
1719006,kazama_iroha_(hololive),4,2183,风真伊吕波(Hololive)
4906,lum_(urusei_yatsura),4,2182,拉姆（福星小子）(福星小子)
1789597,asakura_toru_(idolmaster),4,2182,浅仓透(偶像大师)
9080,futami_ami_(idolmaster),4,2176,双海亚美(偶像大师)
666034,akagi_miria_(idolmaster_cinderella_girls),4,2175,赤城米莉亚(偶像大师_灰姑娘女孩)
1388692,touhoku_kiritan_(vocaloid),4,2174,东北切蒲英(vocaloid)
171918,android_18_(dragon_ball),4,2164,人造人18号(龙珠)
1316166,kunikida_hanamaru_(love_live!),4,2164,国木田花丸(LoveLive!)
662472,takanashi_rikka_(chuunibyou),4,2161,小鸟游六花(中二病)
1525545,fushiguro_megumi_(jujutsu_kaisen),4,2159,伏黑惠(咒术回战)
476084,saten_ruiko_(toaru_kagaku_no_railgun),4,2145,佐天泪子(某科学的超电磁炮)
1408667,kochou_shinobu_(kimetsu_no_yaiba),4,2145,蝴蝶忍(鬼灭之刃)
12106,kousaka_tamaki_(idolmaster_cinderella_girls),4,2144,向坂环(偶像大师_灰姑娘女孩)
717136,aida_mana_(dokidoki_precure),4,2143,相田爱(心跳!光之美少女)
416172,kujikawa_rise_(persona),4,2131,久慈川理世(女神异闻录)
1459170,hachimiya_meguru_(idolmaster),4,2119,八宫巡(偶像大师)
1533460,lysithea_von_ordelia_(fire_emblem),4,2106,莉丝缇亚·冯·欧尔黛莉亚(火焰之纹章)
1251354,phosphophyllite_(houseki_no_kuni),4,2099,磷叶石(宝石之国)
405240,amagi_yukiko_(persona),4,2098,天城雪子(女神异闻录)
1533066,hilda_valentine_goneril_(fire_emblem),4,2090,希尔妲·瓦伦丁·哥纳利尔(火焰之纹章)
691541,perrine_h._clostermann,4,2086,佩琳·H·克洛斯特曼(强袭魔女)
713449,morikubo_nono_(idolmaster_cinderella_girls),4,2086,森久保乃乃(偶像大师_灰姑娘女孩)
1386288,harukawa_maki_(danganronpa),4,2083,春川魔姬(弹丸论破)
599208,charlotte_e._yeager,4,2078,夏洛特·E·耶格(强袭魔女)
16066,raising_heart_(mahou_shoujo_lyrical_nanoha),4,2075,旭日之心（魔法杖）(魔法少女奈叶)
426767,ikamusume_(squid_girl),4,2073,乌贼娘(侵略!乌贼娘)
530171,kurumi_erika_(idolmaster_cinderella_girls),4,2069,来海绘里香(偶像大师_灰姑娘女孩)
663681,honda_mio_(idolmaster_cinderella_girls),4,2065,本田未央(偶像大师_灰姑娘女孩)
399582,lucario_(pokemon),4,2054,路卡利欧(宝可梦)
1585360,battleship_princess_(kantai_collection),4,2050,战舰栖姬(舰队 Collection)
610107,akaza_akari_(yuru_yuri),4,2046,赤座灯里(摇曳百合)
1561724,fukumaru_koito_(love_live!),4,2045,福丸小糸(LoveLive!)
660392,hoshizora_miyuki_(idolmaster_cinderella_girls),4,2043,星空美幸(偶像大师_灰姑娘女孩)
1534338,kicchou_yachie_(touhou),4,2042,吉吊八千慧(东方 Project)
41,suiseiseki_(rozen_maiden),4,2040,翠星石(蔷薇少女)
1227373,sessyoin_kiara_(fate),4,2032,杀生院祈荒(Fate 系列)
11050,sonozaki_mion_(higurashi_no_naku_koro_ni),4,2031,园崎魅音(寒蝉鸣泣之时)
1316168,kurosawa_ruby_(love_live!),4,2031,黑泽黛雅(LoveLive!)
1524282,lio_fotia_(promare),4,2028,里欧·弗提亚(普罗米亚)
543959,sakura_miku_(vocaloid),4,2023,樱初音(vocaloid)
16082,ryougi_shiki_(kara_no_kyoukai),4,2018,两仪式(空之境界)
565443,shinjou_akane_(ssss.gridman),4,2014,新条茜(SSSS.古立特)
414820,lynette_bishop_(strike_witches),4,2008,莉涅特·毕晓普(强袭魔女)
1654886,kudamaki_tsukasa_(touhou),4,2008,管牧草(东方 Project)
1346647,shinomiya_kaguya_(kaguya-sama_wa_kokurasetai),4,2005,四宫辉夜(辉夜大小姐想让我告白)
1533350,morpeko_(pokemon),4,2002,莫鲁贝可(宝可梦)
1542542,higashiyama_kobeni_(dance_dance_dance),4,1993,东山小红(Dance_Dance_Dance)
408655,kasane_teto_(vocaloid),4,1988,重音Teto(vocaloid)
1586174,momosuzu_nene_(hololive),4,1977,桃铃音音(Hololive)
664082,miyamoto_frederica_(idolmaster_cinderella_girls),4,1976,宫本芙蕾德莉卡(偶像大师_灰姑娘女孩)
14180,lilith_aensland_(darkstalkers),4,1970,莉莉丝·艾恩斯兰(恶魔战士)
1255499,satou_kazuma_(kono_subarashii_sekai_ni_shukufuku_wo!),4,1965,佐藤和真(为美好的世界献上祝福!)
1406537,shima_rin_(yuru_camp),4,1963,志摩凛(摇曳露营△)
7914,mizuno_ami_(sailor_moon),4,1954,水野亚美(美少女战士)
1239637,jakuzure_nonon_(kill_la_kill),4,1942,蛇崩乃音(斩服少女)
1292966,asui_tsuyu_(boku_no_hero_academia),4,1938,蛙吹梅雨(我的英雄学院)
10546,vegeta_(dragon_ball),4,1935,贝吉塔(龙珠)
1425456,seele_vollerei_(honkai_impact),4,1935,希儿·芙乐艾(崩坏 3)
1678981,kujou_sara_(genshin_impact),4,1927,九条裟罗(原神)
7477,noumi_kudryavka_(little_busters!),4,1925,能美·库特莉亚芙卡(Little_Busters!)
1629435,krista_lenz_(shingeki_no_kyojin),4,1919,赫里斯塔·兰斯(进击的巨人)
1160566,blake_belladonna_(rwby),4,1914,布蕾克·贝拉多娜(RWBY)
1517401,lize_helesta_(nijisanji),4,1913,莉泽·赫露艾斯塔(彩虹社)
1239070,akatsuki_kirika_(senki_zesshou_symphogear),4,1911,晓切歌(战姬绝唱)
713731,tedeza_rize_(gochuumon_wa_usagi_desu_ka?),4,1910,天天座理世(请问您今天要来点兔子吗？)
384405,irisviel_von_einzbern_(fate),4,1909,爱丽丝菲尔·冯·爱因兹贝伦(Fate 系列)
1268743,ujimatsu_chiya_(gochuumon_wa_usagi_desu_ka?),4,1901,宇治松千夜(请问您今天要来点兔子吗？)
7794,aino_minako_(sailor_moon),4,1900,爱野美奈子(美少女战士)
445901,gengar_(pokemon),4,1896,耿鬼(宝可梦)
1387748,katsuki_yuuri_(yuri_on_ice),4,1890,胜生勇利(冰上的尤里)
700409,tsumiki_mikan_(danganronpa),4,1883,罪木蜜柑(弹丸论破)
433649,johnny_joestar_(jojo_no_kimyou_na_bouken),4,1871,乔尼·乔斯达(JOJO 的奇妙冒险)
1387712,viktor_nikiforov_(yuri_on_ice),4,1869,维克托·尼基福罗夫(冰上的尤里)
383738,vivio_(mahou_shoujo_lyrical_nanoha),4,1857,薇薇欧(魔法少女奈叶)
1403842,chiyoda_momo_(idolmaster),4,1856,千代田桃(偶像大师)
1657251,elira_pendora_(nijisanji),4,1840,艾莉拉·潘朵拉(彩虹社)
301250,yae_sakura_(toaru_majutsu_no_index),4,1839,八重樱(魔法禁书目录)
753977,sinon_(sword_art_online),4,1836,诗乃|诗乃(刀剑神域)
681874,shiomi_syuko_(persona),4,1835,盐见周子(女神异闻录)
1581062,shiomi_kotone_(persona),4,1829,盐见琴音(女神异闻录)
8276,bardiche_(mahou_shoujo_lyrical_nanoha),4,1827,雷光战斧(魔法少女奈叶)
601490,monokuma_(danganronpa),4,1821,黑白熊(弹丸论破)
1459802,shirase_sakuya_(idolmaster),4,1814,白濑咲耶(偶像大师)
716185,nishizumi_shiho_(girls_und_panzer),4,1810,西住志穗(少女与战车)
628777,yuzuriha_inori_(guilty_crown),4,1807,楪祈(罪恶王冠)
1300728,oumae_kumiko_(hibike_euphonium),4,1805,黄前久美子(吹响!上低音号)
382079,takara_miyuki_(lucky_star),4,1789,高良美幸(幸运星)
717139,kenzaki_makoto_(idolmaster_cinderella_girls),4,1778,剑崎真琴(偶像大师_灰姑娘女孩)
1243759,horikawa_raiko_(touhou),4,1770,堀川雷鼓(东方 Project)
10146,koizumi_itsuki_(suzumiya_haruhi),4,1766,古泉一树(凉宫春日)
1675744,selen_tatsuki_(virtual_youtuber),4,1765,赛伦·龙月(虚拟主播)
1536889,kanroji_mitsuri_(kimetsu_no_yaiba),4,1759,甘露寺蜜璃(鬼灭之刃)
1421907,komi_shouko_(komi-san_wa_komyushou_desu),4,1758,古见硝子(古见同学有交流障碍症)
361258,ranma-chan_(ranma_1/2),4,1756,乱马酱(乱马 1/2)
399147,yowane_haku_(vocaloid),4,1753,弱音白(vocaloid)
13036,misumi_nagisa_(futari_wa_precure),4,1752,美墨渚(光之美少女)
1266581,ramlethal_valentine_(guilty_gear),4,1747,拉姆蕾萨尔·华伦泰(罪恶装备)
401594,palutena_(kid_icarus),4,1739,帕露蒂娜(光神话)
386242,sakata_gintoki_(gintama),4,1738,坂田银时(银魂)
414816,sakamoto_mio_(strike_witches),4,1738,坂本美绪(强袭魔女)
663432,kamiya_nao_(idolmaster_cinderella_girls),4,1734,神谷奈绪(偶像大师_灰姑娘女孩)
727253,hojo_karen_(idolmaster),4,1734,北条加莲(偶像大师)
1862390,hiroi_kikuri_(bocchi_the_rock!),4,1733,广井菊里(孤独摇滚!)
392481,madotsuki_(yume_nikki),4,1732,窗子(梦日记)
1344590,matsuno_osomatsu_(osomatsu-kun),4,1726,松野小松(阿松)
664313,moroboshi_kirari_(idolmaster_cinderella_girls),4,1722,诸星琪拉莉(偶像大师_灰姑娘女孩)
1749629,chouzetsusaikawa_tenshi-chan_(needy_streamer_overdose),4,1721,超绝最可爱天使酱(主播女孩重度依赖)
496829,makoto_nanaya_(blazblue),4,1720,琴月·七夜(苍翼默示录)
1344591,matsuno_karamatsu_(osomatsu-kun),4,1720,松野空松(阿松)
424944,hanamura_yousuke_(persona),4,1716,花村阳介(女神异闻录)
1368824,takamaki_anne_(persona),4,1716,高卷杏(女神异闻录)
663460,sasaki_chie_(persona),4,1715,佐佐木千枝(女神异闻录)
1462453,morino_rinze_(idolmaster),4,1715,森野凛世(偶像大师)
529058,hanasaki_tsubomi_(heartcatch_precure!),4,1713,花咲蕾(HeartCatch 光之美少女!)
1549066,himemori_luna_(hololive),4,1713,姬森璐娜(Hololive)
8107,bulma_(dragon_ball),4,1712,布尔玛(龙珠)
1365551,sakura_futaba_(persona),4,1710,佐仓双叶(女神异闻录)
1423783,eternity_larva_(touhou),4,1709,永恒的幼虫(东方 Project)
1292970,yaoyorozu_momo_(boku_no_hero_academia),4,1705,八百万百(我的英雄学院)
1344593,matsuno_ichimatsu_(osomatsu-kun),4,1702,松野一松(阿松)
1344594,matsuno_jyushimatsu_(osomatsu-kun),4,1701,松野十四松(阿松)
5036,signum_(mahou_shoujo_lyrical_nanoha),4,1699,希格纳姆(魔法少女奈叶)
445954,bulbasaur_(pokemon),4,1699,妙蛙种子(宝可梦)
1533840,kurokoma_saki_(touhou),4,1699,黑驹早鬼(东方 Project)
1460817,kuwayama_chiyuki_(idolmaster),4,1696,桑山千雪(偶像大师)
1554856,hayakawa_aki_(chainsaw_man),4,1696,早川秋(电锯人)
657914,tokisaki_kurumi_(date_a_live),4,1693,时崎狂三(约会大作战)
1316170,ohara_mari_(love_live!),4,1692,小原鞠莉(LoveLive!)
697698,kirigaya_suguha_(sword_art_online),4,1689,桐谷直叶(刀剑神域)
1541326,hoshikawa_sara_(nijisanji),4,1689,星川莎拉(彩虹社)
1298160,kotonoha_akane_(vocaloid),4,1686,琴叶茜(vocaloid)
1470527,natori_sana_(nijisanji),4,1686,名取纱那(彩虹社)
401222,noel_vermillion_(blazblue),4,1683,诺爱尔·梵米利昂(苍翼默示录)
1296572,todoroki_shouto_(boku_no_hero_academia),4,1677,轰焦冻(我的英雄学院)
1665751,t-head_trainer_(umamusume),4,1676,T字头训练师(赛马娘)
15221,hanyuu_(higurashi_no_naku_koro_ni),4,1675,羽入(寒蝉鸣泣之时)
1412756,theresa_apocalypse_(honkai_impact),4,1675,特蕾莎·阿波卡利斯(崩坏 3)
432714,trafalgar_law_(one_piece),4,1673,特拉法尔加·罗(海贼王)
375109,midna_(the_legend_of_zelda),4,1672,米德娜(塞尔达传说)
1410565,fujiwara_chika_(kaguya-sama_wa_kokurasetai),4,1668,藤原千花(辉夜大小姐想让我告白)
606667,kirino_ranmaru_(idolmaster),4,1667,雾野兰丸(偶像大师)
1654887,iizunamaru_megumu_(touhou),4,1667,饭纲丸龙(东方 Project)
386311,otonashi_kotori_(idolmaster),4,1666,音无小鸟(偶像大师)
396068,watatsuki_no_yorihime_(touhou),4,1661,綿月依姬(东方 Project)
1419028,komano_aunn_(touhou),4,1661,高丽野阿吽(东方 Project)
436223,nanasaki_ai_(idolmaster_cinderella_girls),4,1657,七咲逢(偶像大师_灰姑娘女孩)
8151,hino_rei_(sailor_moon),4,1653,火野丽(美少女战士)
423669,saber_lily_(fate),4,1651,Saber莉莉(Fate 系列)
658795,mimura_kanako_(idolmaster_cinderella_girls),4,1651,三村加奈子(偶像大师_灰姑娘女孩)
1525780,rotom_phone_(pokemon),4,1651,洛托姆手机(宝可梦)
1493508,princess_king_boo_(super_mario),4,1642,幽灵王公主(超级马力欧)
712088,leafa_(sword_art_online),4,1638,莉法(刀剑神域)
593284,naegi_makoto_(danganronpa),4,1638,苗木诚(弹丸论破)
593802,minamino_kanade_(heartcatch_precure!),4,1638,南野奏(HeartCatch 光之美少女!)
42,souseiseki_(rozen_maiden),4,1637,苍星石(蔷薇少女)
8586,chibi_usa_(sailor_moon),4,1634,小小兔(美少女战士)
1407560,kizuna_ai_(vocaloid),4,1634,绊爱(vocaloid)
1459804,tsukioka_kogane_(idolmaster),4,1634,月冈恋钟(偶像大师)
707037,hoshi_syoko_(idolmaster_cinderella_girls),4,1633,星辉子(偶像大师_灰姑娘女孩)
378207,matou_kariya_(fate),4,1631,间桐雁夜(Fate 系列)
1492381,shiina_yuika_(idolmaster_cinderella_girls),4,1631,椎名唯华(偶像大师_灰姑娘女孩)
432816,kishibe_rohan_(jojo_no_kimyou_na_bouken),4,1629,岸边露伴(JOJO 的奇妙冒险)
354943,edward_elric_(fullmetal_alchemist),4,1628,爱德华·艾尔利克(钢之炼金术师)
1719012,takane_lui_(hololive),4,1625,鹰岭琉衣(Hololive)
403378,yuffie_kisaragi_(final_fantasy),4,1620,尤菲·如月(最终幻想)
11427,kasugano_sakura_(street_fighter),4,1620,春日野樱(街头霸王)
727697,sylveon_(pokemon),4,1619,仙子伊布(宝可梦)
1375862,mimikyu_(pokemon),4,1601,谜拟Q(宝可梦)
425768,umbreon_(pokemon),4,1599,月亮伊布(宝可梦)
1273262,rensouhou-kun_(kantai_collection),4,1599,连装炮君(舰队 Collection)
466260,terra_branford_(final_fantasy),4,1587,蒂娜·布兰福德(最终幻想)
7559,luigi_(super_mario),4,1585,路易吉(超级马力欧)
1245442,i-class_destroyer_(kantai_collection),4,1582,I级驱逐舰(舰队 Collection)
1762182,ranni_the_witch_(elden_ring),4,1578,魔女菈妮(艾尔登法环)
1248309,sendai_hakurei_no_miko_(touhou),4,1572,先代博丽巫女(东方 Project)
427708,ushiromiya_ange_(umineko_no_naku_koro_ni),4,1569,右代宫缘寿(海猫鸣泣之时)
1513845,scorbunny_(pokemon),4,1563,炎兔儿(宝可梦)
1527621,marianne_von_edmund_(fire_emblem),4,1562,玛丽安奴·冯·艾德蒙(火焰之纹章)
1508231,sunazuka_akira_(idolmaster),4,1559,砂冢明(偶像大师)
425771,glaceon_(pokemon),4,1557,冰伊布(宝可梦)
592111,oshawott_(pokemon),4,1556,水水獭(宝可梦)
1344592,matsuno_choromatsu_(osomatsu-kun),4,1556,松野轻松(阿松)
8545,kamio_misuzu_(air),4,1550,神尾观铃(AIR)
1712705,adachi_rei_(lycoris_recoil),4,1546,安达丽(Lycoris_Recoil_莉可丽丝)
547415,funami_yui_(yuru_yuri),4,1544,船见结衣(摇曳百合)
1462526,higuchi_kaede_(nijisanji),4,1544,樋口枫(彩虹社)
1253671,gamagoori_ira_(kill_la_kill),4,1543,蟇郡苛(斩服少女)
374467,princess_daisy_(super_mario),4,1539,黛西公主(超级马力欧)
56878,fujibayashi_kyou_(clannad),4,1538,藤林杏(CLANNAD)
1496188,yuzuki_choco_(hololive),4,1538,癒月巧可(Hololive)
8152,kino_makoto_(bishoujo_senshi_sailor_moon),4,1536,木野真琴(美少女战士)
470503,konjiki_no_yami_(to_love-ru),4,1535,金色之暗(出包王女)
695285,sakuma_mayu_(idolmaster_cinderella_girls),4,1533,佐久间麻由(偶像大师_灰姑娘女孩)
1515526,serizawa_asahi_(idolmaster),4,1529,芹泽朝日(偶像大师)
479648,hirasawa_ui_(k-on!),4,1524,平泽忧(轻音少女!)
1789592,osaki_amana_(idolmaster),4,1524,大崎甘奈(偶像大师)
11051,sonozaki_shion_(higurashi_no_naku_koro_ni),4,1520,园崎诗音(寒蝉鸣泣之时)
1304225,mikazuki_munechika_(touken_ranbu),4,1520,三日月宗近(刀剑乱舞)
126661,furukawa_nagisa_(clannad),4,1519,古河渚(CLANNAD)
1517393,inui_toko_(nijisanji),4,1519,戌亥床(彩虹社)
658638,oreki_houtarou_(hyouka),4,1518,折木奉太郎(冰菓)
1307612,nishi_kinuyo_(girls_und_panzer),4,1518,西绢代(少女与战车)
384100,natsume_rin_(little_busters!),4,1516,枣铃(Little_Busters!)
54495,jean_pierre_polnareff_(jojo_no_kimyou_na_bouken),4,1511,让·皮耶尔·波鲁那雷夫(JOJO 的奇妙冒险)
474547,uiharu_kazari_(toaru_kagaku_no_railgun),4,1509,初春饰利(某科学的超电磁炮)
1420690,hikawa_sayo_(bandori),4,1509,冰川纱夜(BanG_Dream!)
1525557,nanami_kento_(jujutsu_kaisen),4,1509,七海建人(咒术回战)
1533833,haniyasushin_keiki_(touhou),4,1507,埴安神袿姬(东方 Project)
414819,francesca_lucchini_(strike_witches),4,1506,弗朗西斯卡·鲁基尼(强袭魔女)
418600,kamui_gakupo_(vocaloid),4,1505,神威乐步(vocaloid)
423040,amy_rose_(sonic_the_hedgehog),4,1497,艾咪·罗斯(刺猬索尼克)
657793,cure_peace_(smile_precure!),4,1497,快乐天使(Smile 光之美少女!)
12208,shihouin_yoruichi_(bleach),4,1493,四枫院夜一(死神)
1611363,kureiji_ollie_(hololive),4,1491,夸西·奥利(Hololive)
1360561,natsuki_subaru_(re_zero),4,1490,菜月昴(Re:从零开始的异世界生活)
1303947,kashuu_kiyomitsu_(touken_ranbu),4,1489,加州清光(刀剑乱舞)
4908,kero_(cardcaptor_sakura),4,1488,可鲁贝洛斯(魔卡少女樱)
1972686,fuwawa_abyssgard_(hololive),4,1488,芙瓦瓦·深渊守卫(Hololive)
13037,yukishiro_honoka_(futari_wa_precure),4,1486,雪城穗乃香(光之美少女)
1517396,ange_katrina_(nijisanji),4,1483,安洁·卡特莉娜(彩虹社)
1344595,matsuno_todomatsu_(osomatsu-kun),4,1480,松野椴松(阿松)
1445023,hikawa_hina_(bandori),4,1480,冰川日菜(BanG_Dream!)
1495228,konno_junko_(sword_art_online),4,1478,绀野纯子(刀剑神域)
382240,nekomusume_(gegege_no_kitarou),4,1477,猫娘(鬼太郎)
1298161,kotonoha_aoi_(vocaloid),4,1475,琴叶葵(vocaloid)
1972687,mococo_abyssgard_(hololive),4,1472,莫可可·深渊守卫(Hololive)
437685,bayonetta_(bayonetta),4,1470,贝优妮塔(猎天使魔女)
10082,sephiroth_(final_fantasy),4,1468,萨菲罗斯(最终幻想)
1374966,kamado_tanjirou_(kimetsu_no_yaiba),4,1468,灶门炭治郎(鬼灭之刃)
12207,inoue_orihime_(bleach),4,1461,井上织姬(死神)
1503277,makaino_ririmu_(idolmaster),4,1461,魔界之莉莉姆(偶像大师)
1575935,nagatoro_hayase_(ijiranaide_nagatoro-san),4,1459,长瀞早濑(不要欺负我，长瀞同学)
902082,tateyama_ayano_(kagerou_project),4,1458,楯山文乃(阳炎 Project)
1243753,tsukumo_benben_(touhou),4,1452,九十九弁弁(东方 Project)
1462508,tokino_sora_(hololive),4,1449,时乃空(Hololive)
466937,higashi_setsuna_(fresh_precure!),4,1447,东刹那(Fresh 光之美少女!)
428744,yuri_lowell_(tales_of),4,1445,尤利·罗威尔(传说系列)
12210,kuchiki_rukia_(bleach),4,1439,朽木露琪亚(死神)
1829230,octoling_girl_(splatoon),4,1439,章鱼娘(斯普拉遁)
7449,daidouji_tomoyo_(cardcaptor_sakura),4,1438,大道寺知世(魔卡少女樱)
181219,kirijou_mitsuru_(persona),4,1438,桐条美鹤(女神异闻录)
550010,tsukikage_yuri_(heartcatch_precure!),4,1438,月影百合(HeartCatch 光之美少女!)
1288044,popuko_(pop_team_epic),4,1435,波普子(POP_TEAM_EPIC)
1438046,android_21_(dragon_ball),4,1433,人造人21号(龙珠)
1462223,hatoba_tsugu_(idolmaster),4,1432,鸠羽嗣(偶像大师)
1377502,tamura_yuri_(yuru_yuri),4,1430,田村百合(摇曳百合)
387299,prisma_illya_(fate),4,1429,魔法少女伊莉雅(Fate 系列)
717606,yukinoshita_yukino_(oregairu),4,1428,雪之下雪乃(我的青春恋爱物语果然有问题。)
445840,jigglypuff_(pokemon),4,1420,胖丁(宝可梦)
428824,bruno_bucciarati_(jojo_no_kimyou_na_bouken),4,1419,布鲁诺·布加拉提(JOJO 的奇妙冒险)
1464773,nakano_itsuki_(go-toubun_no_hanayome),4,1419,中野五月(五等分的新娘)
1518710,hisakawa_hayate_(idolmaster),4,1412,久川飒(偶像大师)
439343,ragna_the_bloodedge_(blazblue),4,1411,拉格纳·布莱德艾奇(苍翼默示录)
1706706,toutetsu_yuuma_(touhou),4,1411,饕餮尤魔(东方 Project)
101524,bowser_(super_mario),4,1407,库巴(超级马力欧)
1462454,sonoda_chiyoko_(idolmaster),4,1407,园田智代子(偶像大师)
1619061,jumpy_dumpty_(shugo_chara!),4,1407,蹦蹦炸弹(守护甜心!)
1258989,failure_penguin_(mawaru_penguindrum),4,1406,失败的企鹅(回转企鹅罐)
1522439,niwatari_kutaka_(touhou),4,1404,庭渡久侘歌(东方 Project)
592340,snivy_(pokemon),4,1401,藤藤蛇(宝可梦)
1436229,uehara_ayumu_(nijisanji),4,1398,上原步梦(彩虹社)
1304908,yamato-no-kami_yasusada_(touken_ranbu),4,1396,大和守安定(刀剑乱舞)
1525546,kugisaki_nobara_(jujutsu_kaisen),4,1396,钉崎野蔷薇(咒术回战)
610092,yoshikawa_chinatsu_(yuru_yuri),4,1395,吉川千夏(摇曳百合)
602082,charlotte_dunois_(infinite_stratos),4,1395,夏洛特·迪努亚(无限斯特拉托斯)
1462457,komiya_kaho_(idolmaster_cinderella_girls),4,1393,小宫果穗(偶像大师_灰姑娘女孩)
663499,totoki_airi_(idolmaster_cinderella_girls),4,1390,十时爱梨(偶像大师_灰姑娘女孩)
1657252,pomu_rainpuff_(nijisanji),4,1387,帕姆·雷恩帕芙(彩虹社)
419122,tatsumi_kanji_(persona),4,1386,巽完二(女神异闻录)
1432308,nishida_satono_(touhou),4,1385,西田里野(东方 Project)
1468121,nakano_ichika_(go-toubun_no_hanayome),4,1385,中野一花(五等分的新娘)
1258306,ninomiya_asuka_(idolmaster),4,1383,二宫飞鸟(偶像大师)
1513846,sobble_(pokemon),4,1383,泪眼蜥(宝可梦)
1435315,oyama_mihari_(onimai),4,1377,大山美波里(别当欧尼酱了!)
1685273,tsukumo_sana_(hololive),4,1376,九十九佐命(Hololive)
16268,son_gohan_(dragon_ball),4,1373,孙悟饭(龙珠)
445848,squirtle_(pokemon),4,1372,杰尼龟(宝可梦)
416940,su-san_(crayon_shin-chan),4,1370,苏珊(蜡笔小新)
411080,lopunny_(pokemon),4,1367,卷卷耳(宝可梦)
1972683,nerissa_ravencroft_(hololive),4,1364,尼莉萨·雷文克罗夫特(Hololive)
487228,sengoku_nadeko_(bakemonogatari),4,1363,千石抚子(化物语)
1406536,kagamihara_nadeshiko_(yuru_camp),4,1362,各务原抚子(摇曳露营△)
464857,sailor_mercury_(sailor_moon),4,1361,水兵水星(美少女战士)
520787,elin_(tera),4,1361,艾琳族(TERA)
430852,hachikuji_mayoi_(bakemonogatari),4,1360,八九寺真宵(化物语)
1607938,getou_suguru_(jujutsu_kaisen),4,1360,夏油杰(咒术回战)
617637,oomuro_sakurako_(yuru_yuri),4,1358,大室樱子(摇曳百合)
12091,tohno_akiha_(tsukihime),4,1355,远野秋叶(月姬)
677075,reiner_braun_(shingeki_no_kyojin),4,1355,莱纳·布朗(进击的巨人)
513774,shantae_(shantae),4,1354,桑塔(香缇)
1518711,hisakawa_nagi_(idolmaster_cinderella_girls),4,1349,久川凪(偶像大师_灰姑娘女孩)
1292974,ashido_mina_(boku_no_hero_academia),4,1348,芦户三奈(我的英雄学院)
1498626,rita_rossweisse_(idolmaster),4,1346,丽塔·洛丝薇瑟(偶像大师)
1432310,teireida_mai_(touhou),4,1343,丁礼田舞(东方 Project)
445933,vaporeon_(pokemon),4,1342,水伊布(宝可梦)
547150,myoudouin_itsuki_(heartcatch_precure!),4,1340,明堂院树(HeartCatch 光之美少女!)
709319,yuigahama_yui_(oregairu),4,1340,由比滨结衣(我的青春恋爱物语果然有问题。)
710980,kadotani_anzu_(girls_und_panzer),4,1340,角谷杏(少女与战车)
389156,frederica_bernkastel_(umineko_no_naku_koro_ni),4,1335,菲德莉卡·贝伦卡丝泰露(海猫鸣泣之时)
1567159,shinonome_ena_(project_sekai),4,1330,东云绘名(世界计划_彩色舞台 feat. 初音未来)
475559,araragi_koyomi_(bakemonogatari),4,1329,阿良良木历(化物语)
1459806,tanaka_mamimi_(idolmaster),4,1328,田中摩美美(偶像大师)
1304230,tsurumaru_kuninaga_(touken_ranbu),4,1327,鹤丸国永(刀剑乱舞)
1451890,kaguya_luna_(hololive),4,1327,辉夜月(Hololive)
1690906,kamisato_ayato_(genshin_impact),4,1327,神里绫人(原神)
1226975,diana_cavendish_(little_witch_academia),4,1326,戴安娜·卡文迪什(小魔女学园)
1534340,joutouguu_mayumi_(touhou),4,1326,杖刀偶磨弓(东方 Project)
653217,nepgear_(hyperdimension_neptunia),4,1325,妮普吉雅(海王星系列)
1300741,kousaka_reina_(hibike_euphonium),4,1324,高坂丽奈(吹响!上低音号)
405776,riesz_(seiken_densetsu),4,1323,莉丝(圣剑传说)
1567162,tenma_tsukasa_(project_sekai),4,1323,天马司(世界计划_彩色舞台 feat. 初音未来)
451173,haramura_nodoka_(saki),4,1317,原村和(天才麻将少女)
12258,katsuragi_misato_(neon_genesis_evangelion),4,1316,葛城美里(新世纪福音战士)
12518,leona_heidern_(fatal_fury),4,1311,莉安娜·哈迪伦(饿狼传说)
1459172,sakuragi_mano_(idolmaster),4,1311,樱木真乃(偶像大师)
1368823,niijima_makoto_(persona),4,1309,新岛真(女神异闻录)
9090,mizunashi_akari_(aria),4,1307,水无灯里(水星领航员)
622669,alisa_ilinichina_amiella_(god_eater),4,1306,亚莉莎·伊莉妮提娜·阿米耶拉(噬神者)
1291135,elphelt_valentine_(guilty_gear),4,1305,艾尔菲尔特·华伦泰(罪恶装备)
489852,akizuki_ryo_(idolmaster),4,1303,秋月凉(偶像大师)
1399519,tamaki_iroha_(magia_record),4,1300,环伊吕波(魔法纪录_魔法少女小圆外传)
596939,akali_(league_of_legends),4,1298,阿卡丽(英雄联盟)
596093,caren_hortensia_(fate),4,1297,卡莲·赫尔茜(Fate 系列)
542685,oribe_yasuna_(kill_me_baby),4,1296,折部安奈(爱杀宝贝)
587823,tsurumaki_maki_(vocaloid),4,1296,鹤卷真希(vocaloid)
601379,takagi-san_(karakai_jouzu_no_takagi-san),4,1296,高木同学(擅长捉弄的高木同学)
599168,hourai_doll_(touhou),4,1293,蓬莱人形(东方 Project)
664000,ichihara_nina_(idolmaster_cinderella_girls),4,1291,市原仁奈(偶像大师_灰姑娘女孩)
672515,abe_nana_(idolmaster_cinderella_girls),4,1288,安部菜菜(偶像大师_灰姑娘女孩)
644430,rias_gremory_(high_school_dxd),4,1287,莉雅丝·吉蒙里(恶魔高校 D×D)
681655,oikawa_shizuku_(idolmaster_cinderella_girls),4,1286,及川雫(偶像大师_灰姑娘女孩)
1567158,asahina_mafuyu_(project_sekai),4,1285,朝比奈真冬(世界计划_彩色舞台 feat. 初音未来)
1420943,tennouji_rina_(love_live!),4,1282,天王寺璃奈(LoveLive!)
555,haro_(gundam),4,1278,哈罗(高达)
433648,gyro_zeppeli_(jojo_no_kimyou_na_bouken),4,1277,杰洛·齐贝林(JOJO 的奇妙冒险)
532518,cure_marine_(heartcatch_precure!),4,1276,海洋天使(HeartCatch 光之美少女!)
1386434,momota_kaito_(danganronpa),4,1274,百田解斗(弹丸论破)
6177,moogle_(final_fantasy),4,1269,莫古利(最终幻想)
893075,suou_momoko_(idolmaster_cinderella_girls),4,1269,周防桃子(偶像大师_灰姑娘女孩)
425767,espeon_(pokemon),4,1266,太阳伊布(宝可梦)
422389,cyndaquil_(pokemon),4,1263,火球鼠(宝可梦)
11052,maebara_keiichi_(higurashi_no_naku_koro_ni),4,1262,前原圭一(寒蝉鸣泣之时)
1814893,magical_mirai_miku_(vocaloid),4,1262,魔法未来初音(vocaloid)
1567149,ootori_emu_(project_sekai),4,1259,凤绘梦(世界计划_彩色舞台 feat. 初音未来)
464855,sailor_venus_(sailor_moon),4,1257,水手金星(美少女战士)
445845,charmander_(pokemon),4,1256,小火龙(宝可梦)
1299395,amanogawa_kirara_(idolmaster_cinderella_girls),4,1256,天之川绮罗(偶像大师_灰姑娘女孩)
1477331,osaki_tenka_(idolmaster),4,1252,大崎甜花(偶像大师)
421102,minna-dietlinde_wilcke_(strike_witches),4,1250,明娜·迪特琳德·威尔克(强袭魔女)
618147,honma_meiko_(anohana),4,1250,本间芽衣子(未闻花名)
1459180,kazano_hiori_(idolmaster),4,1250,风野灯织(偶像大师)
1447775,katou_asuka_(idolmaster),4,1248,加藤明日香(偶像大师)
1520852,hozuki_momiji_(idolmaster),4,1248,鬼灯红叶(偶像大师)
1282191,hoshino_fumina_(gundam),4,1247,星野文奈(高达)
1972693,shiori_novella_(hololive),4,1247,诗织·诺维拉(Hololive)
1305388,namazuo_toushirou_(touken_ranbu),4,1245,鲶尾藤四郎(刀剑乱舞)
2060124,marcille_donato_(dungeon_meshi),4,1245,玛露希尔·多纳托(迷宫饭)
459048,momozono_love_(fresh_precure!),4,1238,桃园爱(Fresh 光之美少女!)
633741,furutani_himawari_(girls_und_panzer),4,1238,古谷向日葵(少女与战车)
713156,hoshimiya_ichigo_(aikatsu!),4,1238,星宫莓(偶活学园!)
597205,silica_(sword_art_online),4,1236,西莉卡(刀剑神域)
566644,blaze_the_cat_(sonic_the_hedgehog),4,1233,布蕾泽猫(刺猬索尼克)
7459,white_mage_(final_fantasy),4,1231,白魔道士(最终幻想)
501746,shadow_the_hedgehog_(sonic_the_hedgehog),4,1231,暗影刺猬(刺猬索尼克)
464856,sailor_mars_(sailor_moon),4,1230,水手火星(美少女战士)
1232066,armin_arlert_(shingeki_no_kyojin),4,1230,阿尔敏·阿诺德(进击的巨人)
1462463,arisugawa_natsuha_(idolmaster),4,1228,有栖川夏叶(偶像大师)
1567160,akiyama_mizuki_(project_sekai),4,1227,晓山瑞希(世界计划_彩色舞台 feat. 初音未来)
1292110,shidare_hotaru_(dagashi_kashi),4,1226,枝垂萤(粗点心之战)
1654888,tenkyuu_chimata_(touhou),4,1226,天弓千亦(东方 Project)
1564800,moona_hoshinova_(hololive),4,1217,穆娜·霍希诺瓦(Hololive)
1305386,honebami_toushirou_(touken_ranbu),4,1216,骨喰藤四郎(刀剑乱舞)
618301,ivan_karelin_(tiger_&_bunny),4,1215,伊万·卡列林(老虎和兔子)
1761329,sprigatito_(pokemon),4,1214,新叶喵(宝可梦)
8760,kusanagi_motoko_(ghost_in_the_shell),4,1208,草薙素子(攻壳机动队)
564326,nakamura_yuri_(angel_beats!),4,1208,中村由利(Angel_Beats!)
1856034,backbeako_(touhou),4,1206,贝克比克(东方 Project)
1571010,takasaki_yuu_(love_live!),4,1206,高咲侑(LoveLive!)
1333583,kozakura_marry_(kagerou_project),4,1205,小樱茉莉(阳炎 Project)
1561721,ichikawa_hinana_(idolmaster),4,1203,市川雏菜(偶像大师)
1233044,yuuki_haru_(idolmaster_cinderella_girls),4,1202,结城晴(偶像大师_灰姑娘女孩)
1288043,pipimi_(pop_team_epic),4,1202,屁屁美(POP_TEAM_EPIC)
1303946,midare_toushirou_(touken_ranbu),4,1201,乱藤四郎(刀剑乱舞)
1436151,uzaki_hana_(uzaki-chan_wa_asobitai!),4,1199,宇崎花(宇崎学妹想要玩!)
1515913,reines_el-melloi_archisorte_(fate),4,1198,莱妮丝·埃尔梅罗·阿奇佐尔特(Fate 系列)
375278,tohsaka_tokiomi_(fate),4,1197,远坂时臣(Fate 系列)
1401930,nemoto_hina_(idolmaster_cinderella_girls),4,1196,根本日菜(偶像大师_灰姑娘女孩)
1541815,rabbit_yukine_(vocaloid),4,1191,雪音兔(vocaloid)
425769,leafeon_(pokemon),4,1190,叶伊布(宝可梦)
402795,meowth_(pokemon),4,1189,喵喵(宝可梦)
1239071,tsukuyomi_shirabe_(symphogear),4,1188,月读调(战姬绝唱)
1496142,minamoto_sakura_(zombie_land_saga),4,1188,源樱(佐贺偶像是传奇)
375868,kururugi_suzaku_(code_geass),4,1187,枢木朱雀(Code_Geass_反叛的鲁路修)
1277829,sento_isuzu_(amagi_brilliant_park),4,1187,千斗五十铃(甘城光辉游乐园)
1487055,sasaki_saku_(nijisanji),4,1184,佐佐木咲(彩虹社)
712140,kawashima_momo_(hibike_euphonium),4,1183,河嶋桃(吹响!上低音号)
1229728,kitazawa_shiho_(idolmaster_cinderella_girls),4,1183,北泽志保(偶像大师_灰姑娘女孩)
1247199,braixen_(pokemon),4,1183,长尾火狐(宝可梦)
176593,takeba_yukari_(persona),4,1182,岳羽由加莉(女神异闻录)
1242334,ta-class_battleship_(kantai_collection),4,1181,Ta级战舰(舰队 Collection)
1886373,sora_harewataru_(hirogaru_sky_precure!),4,1179,天晴大空(开阔天空！光之美少女)
10145,tsuruya_(suzumiya_haruhi),4,1178,鹤屋(凉宫春日)
420502,guido_mista_(jojo_no_kimyou_na_bouken),4,1178,圭多·米斯达(JOJO 的奇妙冒险)
745262,celestia_ludenberg_(danganronpa),4,1174,塞蕾丝缇雅·罗登贝克(弹丸论破)
7566,kamikita_komari_(little_busters!),4,1169,神北小毬(Little_Busters!)
1495229,mizuno_ai_(zombie_land_saga),4,1167,水野爱(佐贺偶像是传奇)
1242336,ru-class_battleship_(kantai_collection),4,1163,Ru级战舰(舰队 Collection)
1246940,matoba_risa_(idolmaster_cinderella_girls),4,1163,的场梨沙(偶像大师_灰姑娘女孩)
1522347,suzuhara_lulu_(nijisanji),4,1163,铃原露露(彩虹社)
396070,watatsuki_no_toyohime_(touhou),4,1162,绵月丰姬(东方 Project)
1440644,inuyama_aoi_(yuru_camp),4,1159,犬山葵(摇曳露营△)
12212,kurosaki_ichigo_(bleach),4,1153,黑崎一护(死神)
6000,baiken_(guilty_gear),4,1151,梅喧(罪恶装备)
394620,yuuki_mikan_(danganronpa),4,1150,结城美柑(弹丸论破)
592339,tepig_(pokemon),4,1150,暖暖猪(宝可梦)
1760945,kuki_shinobu_(genshin_impact),4,1149,久岐忍(原神)
688842,leon_s._kennedy_(resident_evil),4,1147,里昂·S·肯尼迪(生化危机)
8305,tomoe_hotaru_(sailor_moon),4,1144,土萌萤(美少女战士)
701392,mioda_ibuki_(danganronpa),4,1140,澪田唯吹(弹丸论破)
1366296,popplio_(pokemon),4,1138,球球海狮(宝可梦)
87514,cure_black_(futari_wa_precure),4,1136,黑天使(光之美少女)
1292965,jirou_kyouka_(boku_no_hero_academia),4,1132,耳郎响香(我的英雄学院)
1513843,grookey_(pokemon),4,1128,敲音猴(宝可梦)
8896,backbeard_(gegege_no_kitarou),4,1124,后背大爷(鬼太郎)
438329,torchic_(pokemon),4,1120,火稚鸡(宝可梦)
379900,squall_leonhart_(final_fantasy),4,1120,斯考尔·莱昂哈特(最终幻想)
12213,matsumoto_rangiku_(bleach),4,1118,松本乱菊(死神)
15312,millia_rage_(guilty_gear),4,1116,米莉亚·蕾姬(罪恶装备)
502557,nu-13_(blazblue),4,1114,Nu-13角色(苍翼默示录)
630836,huang_baoling_(girls_und_panzer),4,1112,黄宝玲(少女与战车)
1573025,isekai_joucho_(kamitsubaki_studio),4,1110,异世界情绪(KAMITSUBAKI_STUDIO)
461046,killua_zoldyck_(hunter_x_hunter),4,1108,奇犽·揍敌客(全职猎人)
378066,chris_redfield_(resident_evil),4,1108,克里斯·雷德菲尔德(生化危机)
601489,maizono_sayaka_(danganronpa),4,1108,舞园沙耶香(弹丸论破)
1304228,izumi-no-kami_kanesada_(touken_ranbu),4,1105,和泉守兼定(刀剑乱舞)
550750,cure_sunshine_(heartcatch_precure!),4,1104,阳光天使(HeartCatch 光之美少女!)
654355,kazanari_tsubasa_(senki_zesshou_symphogear),4,1103,风鸣翼(战姬绝唱)
1926018,luo_xiaohei_(luo_xiaohei_zhan_ji),4,1102,罗小黑(罗小黑战记)
1611905,hoshino_ruby_(oshi_no_bushi),4,1102,星野露比(【我推的孩子】)
711467,kamukura_izuru_(danganronpa),4,1101,神座出流(弹丸论破)
1319288,yoroizuka_mizore_(hibike_euphonium),4,1101,铠冢霙(吹响!上低音号)
1343724,miyamizu_mitsuha_(kimi_no_na_wa),4,1101,宫水三叶(你的名字。)
1280966,kaneki_ken_(tokyo_ghoul),4,1099,金木研(东京食尸鬼)
1500657,hayasaka_ai_(kaguya-sama_wa_kokurasetai),4,1098,早坂爱(辉夜大小姐想让我告白)
1281721,slaine_troyard_(aldnoah.zero),4,1095,斯雷因·特洛耶特(ALDNOAH.ZERO)
435392,boa_hancock_(one_piece),4,1093,海贼女帝波雅·汉库克(海贼王)
597292,fujisaki_chihiro_(danganronpa),4,1093,不二咲千寻(弹丸论破)
657796,cure_beauty_(smile_precure!),4,1089,丽天使(Smile 光之美少女!)
1447393,alina_gray_(magia_record),4,1089,阿丽娜·格雷(魔法纪录_魔法少女小圆外传)
1797173,hyakumantenbara_salome_(nijisanji),4,1089,百万天原莎乐美(彩虹社)
1292136,raphtalia_(tate_no_yuusha_no_nariagari),4,1083,拉芙塔莉雅(盾之勇者成名录)
532519,cure_blossom_(heartcatch_precure!),4,1082,花蕾天使(HeartCatch 光之美少女!)
1177793,katou_megumi_(saekano),4,1079,加藤惠(路人女主的养成方法)
743241,racing_miku_(vocaloid),4,1077,赛车初音(vocaloid)
1657250,finana_ryugu_(nijisanji),4,1077,菲娜娜·龙宫(彩虹社)
15840,kos-mos_(xenosaga),4,1076,KOS-MOS(异度传说)
596161,steven_stone_(pokemon),4,1076,大吾(宝可梦)
1515527,izumi_mei_(idolmaster),4,1075,和泉芽衣(偶像大师)
1316824,spider-gwen_(marvel),4,1073,蜘蛛格温(漫威)
464858,sailor_jupiter_(sailor_moon),4,1072,水手木星(美少女战士)
14569,jill_valentine_(resident_evil),4,1072,吉尔·瓦伦丁(生化危机)
428743,estellise_sidos_heurassein_(tales_of),4,1072,艾丝缇儿(传说系列)
664409,sajo_yukimi_(idolmaster_cinderella_girls),4,1064,佐城雪美(偶像大师_灰姑娘女孩)
1243761,tsukumo_yatsuhashi_(touhou),4,1064,九十九八桥(东方 Project)
416695,uryuu_ryuunosuke_(fate),4,1062,雨生龙之介(Fate 系列)
1412049,mitake_ran_(bandori),4,1062,美竹兰(BanG_Dream!)
7583,fukuzawa_yumi_(maria_sama_ga_miteru),4,1061,福泽祐巳(圣母在上)
186196,winry_rockbell_(fullmetal_alchemist),4,1061,温莉·洛克贝尔(钢之炼金术师)
445935,flareon_(pokemon),4,1060,火伊布(宝可梦)
1403111,sucy_manbavaran_(little_witch_academia),4,1060,苏西·曼巴瓦兰(小魔女学园)
1229730,makabe_mizuki_(idolmaster),4,1059,真壁瑞希(偶像大师)
1533061,bernadetta_von_varley_(fire_emblem),4,1059,贝尔娜提塔(火焰之纹章)
376498,zidane_tribal_(final_fantasy),4,1058,吉坦·特莱巴尔(最终幻想)
436529,toon_link_(the_legend_of_zelda),4,1058,卡通林克(塞尔达传说)
664191,tada_riina_(idolmaster_cinderella_girls),4,1058,多田李衣菜(偶像大师_灰姑娘女孩)
1634596,hoshino_aquamarine_(oshi_no_bushi),4,1058,星野阿库亚(【我推的孩子】)
1350177,violet_evergarden_(violet_evergarden),4,1056,薇尔莉特·伊芙加登(紫罗兰永恒花园)
422393,jirachi_(pokemon),4,1052,基拉祈(宝可梦)
1420954,nakasu_kasumi_(love_live!),4,1051,中须霞(LoveLive!)
9687,kula_diamond_(fatal_fury),4,1049,库拉·戴蒙德(饿狼传说)
439063,rachel_alucard_(blazblue),4,1048,雷切尔·阿尔卡特(苍翼默示录)
701163,kisaragi_shintarou_(kagerou_project),4,1048,如月伸太郎(阳炎 Project)
1423942,eris_greyrat_(mushoku_tensei),4,1048,艾莉丝·格雷拉特(无职转生)
437349,garchomp_(pokemon),4,1045,烈咬陆鲨(宝可梦)
1344209,roxy_migurdia_(mushoku_tensei),4,1045,洛琪希·米格路迪亚(无职转生)
1534941,claude_von_riegan_(fire_emblem),4,1045,库罗德·冯·里根(火焰之纹章)
464824,hinaichigo_(rozen_maiden),4,1044,雏莓(蔷薇少女)
1366290,okumura_haru_(persona),4,1040,奥村春(女神异闻录)
382261,subaru_nakajima_(mahou_shoujo_lyrical_nanoha),4,1039,中岛昴(魔法少女奈叶)
1285741,suzukaze_aoba_(new_game!),4,1036,凉风青叶(NEW_GAME!)
402521,meta_knight_(Kirby),4,1035,魅塔骑士(星之卡比)
12099,komaki_manaka_(to_love-ru),4,1034,小牧爱佳(出包王女)
1314604,sakurajima_mai_(seishun_buta_yarou),4,1034,樱岛麻衣(青春猪头少年)
1241333,sanageyama_uzu_(kill_la_kill),4,1032,猿投山涡(斩服少女)
1533059,dorothea_arnault_(fire_emblem),4,1031,多洛缇雅·阿诺尔特(火焰之纹章)
13066,okazaki_yumemi_(touhou),4,1028,冈崎梦美(东方 Project)
1479891,rimuru_tempest_(tensei_shitara_slime_datta_ken),4,1027,利姆鲁·特恩佩斯特(关于我转生变成史莱姆这档事)
1304904,horikawa_kunihiro_(touken_ranbu),4,1025,堀川国广(刀剑乱舞)
378317,garnet_til_alexandros_xvii_(final_fantasy),4,1024,嘉妮特·蒂尔·亚历山德罗斯十七世(最终幻想)
605171,kujou_karen_(idolmaster_cinderella_girls),4,1024,九条可怜(偶像大师_灰姑娘女孩)
385133,ushiromiya_maria_(umineko_no_naku_koro_ni),4,1020,右代宫真里亚(海猫鸣泣之时)
1410354,purah_(the_legend_of_zelda),4,1019,普尔亚(塞尔达传说)
378846,tenjouin_asuka_(yu-gi-oh!),4,1015,天上院明日香(游戏王)
429524,mudkip_(pokemon),4,1015,水跃鱼(宝可梦)
717654,kiriya_aoi_(aikatsu!),4,1014,雾矢葵(偶活学园!)
1566087,yoisaki_kanade_(project_sekai),4,1014,宵崎奏(世界计划_彩色舞台 feat. 初音未来)
1537880,dimitri_alexandre_blaiddyd_(fire_emblem),4,1013,帝弥托利·亚历山大·布雷达德(火焰之纹章)
354942,alphonse_elric_(fullmetal_alchemist),4,1012,阿尔冯斯·艾尔利克(钢之炼金术师)
716728,kitashirakawa_tamako_(tamako_market),4,1012,北白川玉子(玉子市场)
1432652,jack-o'_valentine_(guilty_gear),4,1012,杰克·O(罪恶装备)
252261,godzilla_(godzilla),4,1012,哥斯拉(哥斯拉)
657791,cure_happy_(smile_precure!),4,1010,快乐天使(Smile 光之美少女!)
480039,manabe_nodoka_(k-on!),4,1009,真锅和(轻音少女!)
713607,sawa_azusa_(k-on!),4,1009,泽梓(轻音少女!)
539676,taneshima_popura_(working!!),4,1008,种岛白杨(WORKING!!迷糊餐厅)
1340376,murata_himeko_(honkai_impact),4,1008,无量塔姬子(崩坏 3)
383404,ibuki_fuuko_(clannad),4,1006,伊吹风子(CLANNAD)
376441,arle_nadja_(puyo_puyo),4,1006,阿露露(噗哟噗哟)
431436,momo_velia_deviluke_(to_love-ru),4,1006,梦梦·贝莉雅·戴比路克(出包王女)
1489740,aki_rosenthal_(hololive),4,1006,亚绮·罗森塔尔(Hololive)
1459805,yukoku_kiriko_(idolmaster),4,1005,幽谷雾子(偶像大师)
1611382,pavolia_reine_(hololive),4,1005,帕沃利亚·蕾妮(Hololive)
1701951,arataki_itto_(genshin_impact),4,1005,荒泷一斗(原神)
461883,chikorita_(pokemon),4,1004,菊草叶(宝可梦)
487246,araragi_karen_(bakemonogatari),4,1004,阿良良木火怜(化物语)
423041,rouge_the_bat_(sonic_the_hedgehog),4,1003,露姬(刺猬索尼克)
657794,cure_march_(smile_precure!),4,1001,和平天使(Smile 光之美少女!)
664614,ryuzaki_kaoru_(idolmaster_cinderella_girls),4,1001,龙崎薰(偶像大师_灰姑娘女孩)
1275005,ousaka_shizuku_(idolmaster_cinderella_girls),4,1001,樱坂雫(偶像大师_灰姑娘女孩)
594282,cure_melody_(suite_precure),4,1000,旋律天使(Suite 光之美少女♪)
1479271,rengoku_kyoujurou_(kimetsu_no_yaiba),4,994,炼狱杏寿郎(鬼灭之刃)
286,kooh_(touhou),4,993,酷儿(东方 Project)
439615,misaka_imouto_(toaru_majutsu_no_index),4,993,御坂妹妹(魔法禁书目录)
12095,aozaki_aoko_(tsukihime),4,992,苍崎青子(月姬)
1257905,shirayuki_hime_(akagami_no_shirayuki-hime),4,992,白雪姬(赤发白雪姬)
717540,yotsuba_alice_(k-on!),4,991,四叶爱丽丝(轻音少女!)
1567150,kusanagi_nene_(project_sekai),4,989,草薙宁宁(世界计划_彩色舞台 feat. 初音未来)
12093,tohno_shiki_(tsukihime),4,986,远野志贵(月姬)
1554751,damian_desmond_(spy_x_family),4,986,达米安·德斯蒙德(间谍过家家)
1567152,kamishiro_rui_(project_sekai),4,986,神代类(世界计划_彩色舞台 feat. 初音未来)
482492,tendou_akane_(ranma_1/2),4,985,天道茜(乱马 1/2)
420074,izayoi_aki_(yu-gi-oh!),4,985,十六夜秋(游戏王)
381743,yumehara_nozomi_(yes_precure_5!),4,984,梦原望(Yes!光之美少女 5)
1515002,aisha_landar_(elsword),4,984,艾尔莎·兰达(艾尔之光)
1387746,yuri_plisetsky_(yuri_on_ice),4,984,尤里·普利赛提(冰上的尤里)
1254335,marie_rose_(dead_or_alive),4,980,玛丽·罗斯(死或生)
1222099,nanao_yuriko_(idolmaster_cinderella_girls),4,976,七尾百合子(偶像大师_灰姑娘女孩)
1290263,danua_(idolmaster),4,976,达努亚(偶像大师)
1319289,kasaki_nozomi_(idolmaster_cinderella_girls),4,973,伞木希美(偶像大师_灰姑娘女孩)
1629433,annie_leonhart_(shingeki_no_kyojin),4,972,亚妮·雷恩哈特(进击的巨人)
50896,pichu_(pokemon),4,971,皮丘(宝可梦)
438937,spider-man_(marvel),4,970,蜘蛛侠(漫威)
1571004,shibuya_kanon_(love_live!),4,970,涩谷香音(LoveLive!)
1303902,miss_cloud_(idolmaster_cinderella_girls),4,969,克劳德（女装）(偶像大师_灰姑娘女孩)
665521,ogata_chieri_(idolmaster_cinderella_girls),4,968,绪方智绘里(偶像大师_灰姑娘女孩)
1700488,enna_alouette_(nijisanji),4,968,恩娜·阿露艾特(彩虹社)
663434,kohinata_miho_(idolmaster_cinderella_girls),4,967,小日向美穗(偶像大师_灰姑娘女孩)
401814,saotome_alto_(macross),4,966,早乙女阿尔特(超时空要塞)
662826,himejima_akeno_(high_school_dxd),4,966,姬岛朱乃(恶魔高校 D×D)
1472931,y'shtola_rhul_(final_fantasy_xiv),4,965,雅修特拉·鲁尔(最终幻想 XIV)
1243506,magical_ruby_(fate),4,963,魔法红宝石(Fate 系列)
655527,kayneth_el-melloi_archibald_(fate),4,963,肯尼斯·埃尔梅罗·阿奇博尔德(Fate 系列)
664381,mukai_takumi_(idolmaster_cinderella_girls),4,963,向井拓海(偶像大师_灰姑娘女孩)
397841,ganondorf_(the_legend_of_zelda),4,962,加农道夫(塞尔达传说)
1246021,momoe_nagisa_(mahou_shoujo_madoka_magica),4,961,百江渚(魔法少女小圆)
520564,lucy_heartfilia_(fairy_tail),4,959,露西·哈特菲利亚(妖精的尾巴)
428825,narancia_ghirga_(jojo_no_kimyou_na_bouken),4,958,纳兰迦·吉尔伽(JOJO 的奇妙冒险)
444532,maka_albarn_(soul_eater),4,958,玛嘉·亚尔邦(噬魂师)
618134,karina_lyle_(tiger_&_bunny),4,958,卡丽娜·莱尔(老虎和兔子)
1373495,airfield_princess_(kantai_collection),4,955,机场姬(舰队 Collection)
610702,oktavia_von_seckendorff_(mahou_shoujo_madoka_magica),4,954,奥克塔薇亚·冯·塞肯多夫(魔法少女小圆)
87516,cure_white_(futari_wa_precure),4,952,洁白天使(光之美少女)
11488,sol_badguy_(guilty_gear),4,952,索尔·巴德盖(罪恶装备)
508153,okabe_rintarou_(steins_gate),4,952,冈部伦太郎(命运石之门)
877404,yokoyama_nao_(idolmaster_cinderella_girls),4,952,横山奈绪(偶像大师_灰姑娘女孩)
399324,vash_the_stampede_(trigun),4,951,威席·史坦毕特(枪神)
376579,katsura_hinagiku_(hayate_no_gotoku!),4,951,桂雏菊(旋风管家!)
1594498,alice_zuberg_(sword_art_online),4,951,爱丽丝·滋贝鲁库(刀剑神域)
1461094,shizuka_rin_(idolmaster),4,951,静凛(偶像大师)
1478614,wakan_tanka_(touhou),4,951,瓦坎·坦卡(东方 Project)
1476820,yozora_mel_(hololive),4,951,夜空梅露(Hololive)
1345441,asahina_mirai_(mahou_tsukai_precure!),4,950,朝日奈未来(魔法使光之美少女!)
712653,kondou_taeko_(idolmaster_cinderella_girls),4,948,近藤妙子(偶像大师_灰姑娘女孩)
1545097,cinderace_(pokemon),4,948,闪焰王牌(宝可梦)
7587,toudou_shimako_(maria_sama_ga_miteru),4,947,藤堂志摩子(圣母在上)
465401,ten'ou_haruka_(sailor_moon),4,946,天王遥(美少女战士)
16210,lenna_charlotte_tycoon_(final_fantasy),4,946,蕾娜·夏洛特·泰空(最终幻想)
416104,eva_02_(neon_genesis_evangelion),4,941,二号机(新世纪福音战士)
850878,gwen_stacy_(marvel),4,941,格温·史黛西(漫威)
425936,doujima_nanako_(persona),4,940,堂岛菜菜子(女神异闻录)
1597904,shishio_chris_(virtual_youtuber),4,940,狮子王克里斯(虚拟主播)
396114,lei_lei_(darkstalkers),4,939,泪泪(恶魔战士)
384609,tony_tony_chopper_(one_piece),4,935,托尼托尼·乔巴(海贼王)
1272916,kageyama_shigeo_(mob_psycho_100),4,935,影山茂夫(灵能百分百)
16119,star_platinum_(jojo_no_kimyou_na_bouken),4,934,白金之星(JOJO 的奇妙冒险)
536735,yuuki_juudai_(yu-gi-oh!),4,934,游城十代(游戏王)
503373,furudo_erika_(umineko_no_naku_koro_ni),4,934,古户绘梨花(海猫鸣泣之时)
466281,phoenix_wright_(ace_attorney),4,933,成步堂龙一(逆转裁判)
1240487,yusa_kozue_(idolmaster_cinderella_girls),4,933,遊佐梢(偶像大师_灰姑娘女孩)
471218,aragaki_ayase_(oreimo),4,932,新垣绫濑(我的妹妹哪有这么可爱!)
615130,anjou_naruko_(anohana),4,932,安城鸣子(未闻花名)
672299,oshino_ougi_(bakemonogatari),4,932,忍野扇(化物语)
1815153,mitaka_asa_(chainsaw_man),4,931,三鹰朝(电锯人)
1335159,sugimoto_saichi_(golden_kamuy),4,929,杉元佐一(黄金神威)
1367142,litten_(pokemon),4,929,火斑喵(宝可梦)
1597903,ryugasaki_rene_(idolmaster),4,928,龙崎丽奈(偶像大师)
1530334,yorumi_rena_(vocaloid),4,927,夜见蕾娜(vocaloid)
254440,kirlia_(pokemon),4,926,奇鲁莉安(宝可梦)
471221,kousaka_kyousuke_(oreimo),4,926,高坂京介(我的妹妹哪有这么可爱!)
547417,sugiura_ayano_(idolmaster_cinderella_girls),4,926,杉浦绫乃(偶像大师_灰姑娘女孩)
487224,kanbaru_suruga_(bakemonogatari),4,925,神原骏河(化物语)
1480638,nadia_la_arwall_(nadia),4,923,娜迪亚·拉·阿尔瓦(蓝宝石之谜)
388724,lala_satalin_deviluke_(to_love-ru),4,923,拉拉·萨塔琳·戴比路克(出包王女)
434747,kira_yoshikage_(jojo_no_kimyou_na_bouken),4,923,吉良吉影(JOJO 的奇妙冒险)
1235294,kurokawa_eren_(idolmaster_cinderella_girls),4,922,节拍天使(偶像大师_灰姑娘女孩)
1443093,zundamon_(vocaloid),4,922,ずんだもん(vocaloid)
473288,sister_claire_(idolmaster_cinderella_girls),4,921,修女克蕾雅(偶像大师_灰姑娘女孩)
16208,faris_scherwiz_(final_fantasy),4,919,菲利斯·喵喵(最终幻想)
701389,sonia_nevermind_(danganronpa),4,917,索妮娅·内瓦麦(弹丸论破)
4858,chocobo_(final_fantasy),4,916,陆行鸟(最终幻想)
606666,shindou_takuto_(cardfight!!_vanguard),4,916,神童拓人(卡片战斗!!_先导者)
1505470,galo_thymos_(promare),4,915,加洛·提莫斯(普罗米亚)
14685,kazama_asuka_(senran_kagura),4,913,风间飞鸟(闪乱神乐)
620348,keith_goodman_(tiger_&_bunny),4,912,基斯·古德曼(老虎和兔子)
1654873,himemushi_momoyo_(touhou),4,912,姬虫百百世(东方 Project)
1263716,kiss-shot_acerola-orion_heart-under-blade_(bakemonogatari),4,911,姬丝秀忒·雅赛萝拉莉昂·刃下心(化物语)
1257904,aino_megumi_(idolmaster),4,909,爱乃惠(偶像大师)
1538828,ingrid_brandl_galatea_(street_fighter),4,908,英格丽特·布兰德尔·加拉蒂亚(街头霸王)
654784,lord_el-melloi_ii_(fate),4,907,埃尔梅罗二世(Fate 系列)
1327418,maria_cadenzavna_eve_(senki_zesshou_symphogear),4,907,玛丽亚·卡登扎夫娜·伊芙(战姬绝唱)
1304226,hotarumaru_(touken_ranbu),4,906,萤丸(刀剑乱舞)
1386133,ogata_hyakunosuke_(golden_kamuy),4,905,尾形百之助(黄金神威)
664518,kobayakawa_sae_(idolmaster_cinderella_girls),4,903,小早川纱枝(偶像大师_灰姑娘女孩)
1270627,jouga_maya_(idolmaster),4,903,城ヶ崎真矢(偶像大师)
1526525,jill_stingray_(idolmaster),4,903,吉尔·斯汀雷(偶像大师)
1412894,tsurumaki_kokoro_(bandori),4,902,弦卷心(BanG_Dream!)
1763570,malenia_blade_of_miquella_(elden_ring),4,898,玛莲妮亚，米凯拉的锋刃(艾尔登法环)
1468152,roboco-san_(hololive),4,898,萝卜子(Hololive)
1307315,konoe_kanata_(nijisanji),4,896,近江彼方(彩虹社)
1386435,yumeno_himiko_(danganronpa),4,895,梦野秘密子(弹丸论破)
1934875,amami_rantaro_(danganronpa),4,894,天海兰太郎(弹丸论破)
414192,rx-78-2_(gundam),4,893,RX-78-2高达(高达)
666040,takamori_aiko_(idolmaster_cinderella_girls),4,892,高森蓝子(偶像大师_灰姑娘女孩)
1504965,hagoromo_lala_(star_twinkle_precure),4,891,羽衣拉拉(Star☆Twinkle 光之美少女)
457596,diego_brando_(jojo_no_kimyou_na_bouken),4,890,迪奥·布兰度(JOJO 的奇妙冒险)
631826,sans_(undertale),4,890,衫斯(传说之下)
1390755,cosmog_(pokemon),4,890,科斯莫古(宝可梦)
1533411,neo_politan_(touhou),4,889,妮欧(东方 Project)
14172,rainbow_mika_(street_fighter),4,888,彩虹美华(街头霸王)
409295,zack_fair_(final_fantasy),4,886,扎克斯·菲尔(最终幻想)
662499,nibutani_shinka_(chuunibyou),4,886,丹生谷森夏(中二病)
1789595,saijo_juri_(idolmaster),4,886,西条珠璃(偶像大师)
1538147,sukoya_kana_(nijisanji),4,886,健屋花那(彩虹社)
176585,yamagishi_fuuka_(persona),4,885,山岸风花(女神异闻录)
400139,kaiou_michiru_(sailor_moon),4,884,海王满(美少女战士)
16001,iwakura_lain_(serial_experiments_lain),4,882,岩倉玲音(玲音)
1378272,alolan_vulpix_(pokemon),4,881,阿罗拉六尾(宝可梦)
726764,sakura_chiyo_(idolmaster_cinderella_girls),4,880,佐仓千代(偶像大师_灰姑娘女孩)
657795,cure_sunny_(smile_precure!),4,879,晴朗天使(Smile 光之美少女!)
378592,usada_hikaru_(idolmaster_cinderella_girls),4,878,宇佐田光(偶像大师_灰姑娘女孩)
717114,kasumigaoka_utaha_(saekano),4,876,霞之丘诗羽(路人女主的养成方法)
708151,kido_tsubomi_(kagerou_project),4,875,木户蕾(阳炎 Project)
662005,mifune_miyu_(idolmaster_cinderella_girls),4,875,三船美優(偶像大师_灰姑娘女孩)
1277846,isshiki_iroha_(oregairu),4,875,一色伊吕波(我的青春恋爱物语果然有问题。)
1386439,iruma_miu_(danganronpa),4,875,入间美兔(弹丸论破)
14899,yamamura_sadako_(idolmaster_cinderella_girls),4,874,贞子(偶像大师_灰姑娘女孩)
623899,shirabe_ako_(senki_zesshou_symphogear),4,873,调边亚子(战姬绝唱)
398745,lambdadelta_(umineko_no_naku_koro_ni),4,872,拉姆达戴露塔(海猫鸣泣之时)
467599,takoluka_(vocaloid),4,872,章鱼巡音(vocaloid)
1205702,kirishima_touka_(tokyo_ghoul),4,871,雾岛董香(东京食尸鬼)
1521268,yoshizawa_kasumi_(persona),4,871,芳泽霞(女神异闻录)
524044,gekota_(toaru_kagaku_no_railgun),4,869,呱太(某科学的超电磁炮)
487247,araragi_tsukihi_(bakemonogatari),4,868,阿良良木月火(化物语)
8711,prinny_(disgaea),4,867,普利尼(魔界战记)
390798,eva_01_(neon_genesis_evangelion),4,866,初号机(新世纪福音战士)
1270628,natsu_megumi_(idolmaster),4,866,夏惠美(偶像大师)
422413,altaria_(pokemon),4,865,七夕青鸟(宝可梦)
455510,cure_peach_(fresh_precure!),4,865,桃天使(Fresh 光之美少女!)
1791907,utsumi_erice_(fate),4,865,宇津见绘里世(Fate 系列)
668055,kohinata_miku_(idolmaster_cinderella_girls),4,864,小日向未来(偶像大师_灰姑娘女孩)
1152270,ibuki_tsubasa_(idolmaster),4,863,伊吹翼(偶像大师)
602083,laura_bodewig_(infinite_stratos),4,861,劳拉·博德维希(无限斯特拉托斯)
588022,cecilia_alcott_(infinite_stratos),4,860,塞西莉亚·奥尔科特(无限斯特拉托斯)
1304346,yagen_toushirou_(touken_ranbu),4,860,药研藤四郎(刀剑乱舞)
491993,chibi_miku_(vocaloid),4,859,Q版初音未来(vocaloid)
16164,celes_chere_(final_fantasy),4,856,赛丽丝·雪儿(最终幻想)
452145,miyanaga_saki_(saki),4,856,宫永咲(天才麻将少女)
1124739,angela_balzac_(expelled_from_paradise),4,856,安吉拉·巴尔扎克(乐园追放)
382135,reinforce_zwei_(mahou_shoujo_lyrical_nanoha),4,855,琳芙斯II(魔法少女奈叶)
410025,cinnamoroll_(sanrio),4,853,玉桂狗(三丽鸥)
1227600,mochizuki_anna_(idolmaster),4,853,望月杏奈(偶像大师)
445930,lapras_(pokemon),4,851,拉普拉斯(宝可梦)
439179,mohammed_avdol_(jojo_no_kimyou_na_bouken),4,850,穆罕默德·阿布德尔(JOJO 的奇妙冒险)
1527683,yamper_(pokemon),4,850,来电汪(宝可梦)
1416553,maruyama_aya_(bandori),4,849,丸山彩(BanG_Dream!)
409649,gon_freecss_(hunter_x_hunter),4,848,杰·富力士(全职猎人)
668312,senkawa_chihiro_(idolmaster_cinderella_girls),4,847,千川千寻(偶像大师_灰姑娘女孩)
550369,lightning_farron_(final_fantasy),4,840,雷霆(最终幻想)
1419237,tanned_cirno_(touhou),4,839,晒黑的琪露诺(东方 Project)
545377,pannacotta_fugo_(jojo_no_kimyou_na_bouken),4,838,潘纳科达·福葛(JOJO 的奇妙冒险)
445934,jolteon_(pokemon),4,838,雷伊布(宝可梦)
1276392,otokura_yuuki_(idolmaster),4,837,乙仓悠贵(偶像大师)
879608,toyokawa_fuka_(idolmaster_cinderella_girls),4,836,丰川风花(偶像大师_灰姑娘女孩)
1423996,asaka_karin_(love_live!),4,834,朝香果林(LoveLive!)
14431,kurapika_(hunter_x_hunter),4,833,酷拉皮卡(全职猎人)
708150,kano_shuuya_(kagerou_project),4,833,鹿野修哉(阳炎 Project)
9881,meer_campbell_(gundam),4,832,米娅·坎贝尔(高达)
1761331,fuecoco_(pokemon),4,832,呆火鳄(宝可梦)
1862559,meowscarada_(pokemon),4,832,魔幻假面喵(宝可梦)
1239636,inumuta_houka_(kill_la_kill),4,832,犬牟田宝火(斩服少女)
1972681,koseki_bijou_(hololive),4,831,古石比久(Hololive)
428827,trish_una_(jojo_no_kimyou_na_bouken),4,829,特莉休·乌纳(JOJO 的奇妙冒险)
1399945,tanya_degurechaff_(youjo_senki),4,829,谭雅·提古雷查夫(幼女战记)
1251661,mega_gardevoir_(pokemon),4,827,超级沙奈朵(宝可梦)
14169,ken_masters_(street_fighter),4,826,肯(街头霸王)
445931,ditto_(pokemon),4,826,百变怪(宝可梦)
1229733,mogami_shizuka_(idolmaster_cinderella_girls),4,826,最上静香(偶像大师_灰姑娘女孩)
713599,koyama_yuzu_(citrus),4,824,小山柚子(Citrus)
1479269,tomioka_giyuu_(kimetsu_no_yaiba),4,824,富冈义勇(鬼灭之刃)
1374967,agatsuma_zenitsu_(kimetsu_no_yaiba),4,823,我妻善逸(鬼灭之刃)
722479,fennekin_(pokemon),4,822,火狐狸(宝可梦)
1421068,miyashita_ai_(love_live!),4,822,宫下爱(LoveLive!)
11594,lina_inverse_(slayers),4,821,莉娜·因巴斯(秀逗魔导士)
538729,cure_moonlight_(heartcatch_precure!),4,821,月光天使(HeartCatch 光之美少女!)
611796,litwick_(pokemon),4,821,烛光灵(宝可梦)
439342,taokaka_(blazblue),4,818,桃卡卡(苍翼默示录)
462517,yamabuki_inori_(guilty_crown),4,818,山吹祈里(罪恶王冠)
507427,anegasaki_nene_(idolmaster),4,818,姐崎宁宁(偶像大师)
396395,naoe_riki_(little_busters!),4,817,直枝理树(Little_Busters!)
1302247,sawamura_spencer_eriri_(saekano),4,817,泽村·斯潘塞·英梨梨(路人女主的养成方法)
622721,korra_(the_legend_of_korra),4,816,科拉(降世神通_科拉传奇)
16312,tenjou_utena_(shoujo_kakumei_utena),4,814,天上欧蒂娜(少女革命)
445911,magnemite_(pokemon),4,813,小磁怪(宝可梦)
1293670,yamada_elf_(eromanga_sensei),4,813,山田妖精(埃罗芒阿老师)
1229736,satake_minako_(idolmaster_cinderella_girls),4,812,佐竹美奈子(偶像大师_灰姑娘女孩)
1522438,ushizaki_urumi_(idolmaster_cinderella_girls),4,812,牛牧润美(偶像大师_灰姑娘女孩)
426520,waddle_dee_(kirby),4,811,瓦豆鲁迪(星之卡比)
1567156,aoyagi_touya_(project_sekai),4,811,青柳冬弥(世界计划_彩色舞台 feat. 初音未来)
390231,raichu_(pokemon),4,810,雷丘(宝可梦)
410735,mewtwo_(pokemon),4,808,超梦(宝可梦)
790426,ara_haan_(elsword),4,808,艾拉·韩(艾尔之光)
1398095,hinatsuru_ai_(idolmaster),4,808,雏鹤爱(偶像大师)
8330,hoshino_ruri_(nadesico),4,807,星野琉璃(机动战舰)
382266,teana_lanster_(mahou_shoujo_lyrical_nanoha),4,806,蒂安娜·兰斯特(魔法少女奈叶)
445938,snorlax_(pokemon),4,805,卡比兽(宝可梦)
1567155,shinonome_akito_(project_sekai),4,805,东云彰人(世界计划_彩色舞台 feat. 初音未来)
712651,isobe_noriko_(girls_und_panzer),4,804,矶部典子(少女与战车)
406554,latias_(pokemon),4,803,拉帝亚斯(宝可梦)
1240058,hange_zoe_(shingeki_no_kyojin),4,803,韩吉·佐伊(进击的巨人)
11683,optimus_prime_(transformers),4,801,擎天柱(变形金刚)
1475191,aoba_moca_(bandori),4,797,青叶摩卡(BanG_Dream!)
1438842,emma_verde_(love_live!),4,797,艾玛·薇尔德(LoveLive!)
1534451,amamiya_kokoro_(idolmaster),4,797,天宫心(偶像大师)
381201,konpaku_youki_(touhou),4,796,魂魄妖忌(东方 Project)
1237385,akaboshi_koume_(idolmaster_cinderella_girls),4,795,赤星小梅(偶像大师_灰姑娘女孩)
611797,chandelure_(pokemon),4,794,水晶灯火灵(宝可梦)
410791,king_dedede_(kirby),4,794,帝帝帝大王(星之卡比)
1259432,oomori_yuuko_(idolmaster),4,793,大森悠子(偶像大师)
1643064,goutokuji_mike_(idolmaster_cinderella_girls),4,793,豪德寺美咲(偶像大师_灰姑娘女孩)
464859,sailor_saturn_(sailor_moon),4,792,水手土星(美少女战士)
445834,hypno_(pokemon),4,791,引梦貘人(宝可梦)
387301,perona_(one_piece),4,789,佩罗娜(海贼王)
1401541,izayoi_liko_(precure),4,789,十六夜理子(光之美少女)
1509649,uzaki_tsuki_(uzaki-chan_wa_asobitai!),4,789,宇崎月(宇崎学妹想要玩!)
14491,i-no_(guilty_gear),4,784,伊诺(罪恶装备)
1306594,ichigo_hitofuri_(touken_ranbu),4,784,一期一振(刀剑乱舞)
1605833,klein_moretti_(lord_of_the_mysteries),4,784,克莱恩·莫雷蒂(诡秘之主)
1675745,petra_gurin_(nijisanji),4,782,佩特拉·古琳(彩虹社)
15724,riza_hawkeye_(fullmetal_alchemist),4,780,莉莎·霍克艾(钢之炼金术师)
601752,milla_maxwell_(tales_of),4,780,米拉·麦克斯韦(传说系列)
437875,takei_hisa_(saki),4,779,竹井久(天才麻将少女)
1398097,sora_ginko_(saki),4,779,空银子(天才麻将少女)
1203675,melia_antiqua_(xenoblade),4,778,梅莉亚·安提古亚(异度神剑)
1299400,haruno_haruka_(idolmaster),4,778,春野遥(偶像大师)
1420709,hadou_nejire_(boku_no_hero_academia),4,777,波动螺卷(我的英雄学院)
427882,bazett_fraga_mcremitz_(fate),4,776,巴泽特·弗拉加·马克雷密斯(Fate 系列)
566218,platinum_the_trinity_(blazblue),4,776,白金·崔妮蒂(苍翼默示录)
1515003,rena_erindel_(elsword),4,775,蕾娜(艾尔之光)
1257345,harime_nui_(kill_la_kill),4,775,针目缝(斩服少女)
1249877,iori_rinko_(idolmaster),4,774,伊织凛子(偶像大师)
1007211,hinata_hideki_(angel_beats!),4,773,日向秀树(Angel_Beats!)
633080,takakura_himari_(mawaru_penguindrum),4,773,高仓阳毬(回转企鹅罐)
16204,agrias_oaks_(final_fantasy),4,772,阿格莉亚丝(最终幻想)
1249308,greninja_(pokemon),4,772,甲贺忍蛙(宝可梦)
2022005,manaka_laala_(pretty_rhythm),4,771,真中菈菈(美妙旋律)
1794300,shikanoin_heizou_(genshin_impact),4,769,鹿野院平藏(原神)
419659,rita_mordio_(tales_of),4,768,丽塔·洛丝薇瑟(传说系列)
444238,drifloon_(pokemon),4,767,飘飘球(宝可梦)
1245116,ri-class_heavy_cruiser_(kantai_collection),4,767,Ri级重巡洋舰(舰队 Collection)
1571593,tang_keke_(love_live!),4,766,唐可可(LoveLive!)
16323,char_aznable_(gundam),4,764,夏亚·阿兹纳布尔(高达)
1265247,sato_shin_(idolmaster),4,764,佐藤心(偶像大师)
432818,hirose_koichi_(jojo_no_kimyou_na_bouken),4,763,广濑康一(JOJO 的奇妙冒险)
688953,igarashi_kyoko_(idolmaster_cinderella_girls),4,763,五十岚响子(偶像大师_灰姑娘女孩)
466150,yuri_sakazaki_(fatal_fury),4,762,坂崎百合(饿狼传说)
523901,shinonome_nano_(nichijou),4,762,东云名乃(日常)
1934879,k1-b0_(danganronpa),4,761,K1-B0角色(弹丸论破)
1432300,yatadera_narumi_(touhou),4,761,矢寺成美(东方 Project)
1565905,bianka_durandal_ataegina_(honkai_impact),4,760,幽兰黛尔(崩坏 3)
14141,saotome_ranma_(ranma_1/2),4,759,早乙女乱马(乱马 1/2)
423092,dead_master_(black_rock_shooter),4,759,黑金锯手(黑岩射手)
445904,gastly_(pokemon),4,757,鬼斯(宝可梦)
868605,todo_yurika_(aikatsu!),4,757,藤堂百合华(偶活学园!)
1572168,heanna_sumire_(love_live),4,757,平安名堇(LoveLive!)
462002,flygon_(pokemon),4,756,沙漠蜻蜓(宝可梦)
7660,enma_ai_(jigoku_shoujo),4,755,阎魔爱(地狱少女)
450993,milotic_(pokemon),4,754,美纳斯(宝可梦)
13993,ky_kiske_(guilty_gear),4,753,凯·奇斯克(罪恶装备)
410729,absol_(pokemon),4,752,阿勃梭鲁(宝可梦)
462261,nikka_edvardine_katajainen_(strike_witches),4,752,妮卡·艾德沃汀·卡塔雅南(强袭魔女)
716715,cure_heart_(dokidoki_precure),4,752,心天使(心跳!光之美少女)
400328,okita_sougo_(gintama),4,750,冲田总悟(银魂)
466277,maya_fey_(ace_attorney),4,749,绫里真宵(逆转裁判)
8108,piccolo_(dragon_ball),4,748,比克(龙珠)
1646429,fukuda_haru_(girls_und_panzer),4,748,福田春(少女与战车)
15646,usopp_(one_piece),4,747,乌索普(海贼王)
449290,dragonite_(pokemon),4,747,快龙(宝可梦)
1304907,gokotai_(touken_ranbu),4,747,五虎退(刀剑乱舞)
1416572,nanami_yachiyo_(magia_record),4,747,七海八千代(魔法纪录_魔法少女小圆外传)
1496591,nikaidou_saki_(zombie_land_saga),4,747,二阶堂咲(佐贺偶像是传奇)
1400058,satanichia_kurumizawa_mcdowell_(gabriel_dropout),4,745,萨塔妮亚(珈百璃的堕落)
1885929,nijigaoka_mashiro_(love_live!),4,743,虹之丘真白(LoveLive!)
466172,bartz_klauser_(final_fantasy),4,742,巴兹·克劳萨(最终幻想)
176591,aragaki_shinjirou_(persona),4,742,荒垣真次郎(女神异闻录)
1316228,nakagawa_natsuki_(hibike!_euphonium),4,742,中川夏纪(吹响!上低音号)
445875,psyduck_(pokemon),4,740,可达鸭(宝可梦)
445864,clefairy_(pokemon),4,740,皮皮(宝可梦)
1085943,tokoro_megumi_(idolmaster_cinderella_girls),4,740,所惠美(偶像大师_灰姑娘女孩)
1305420,shokudaikiri_mitsutada_(touken_ranbu),4,740,烛台切光忠(刀剑乱舞)
1934685,fukawa_toko_(danganronpa),4,739,腐川冬子(弹丸论破)
391387,akita_neru_(vocaloid),4,738,亚北音留(vocaloid)
11487,kuradoberi_jam_(guilty_gear),4,737,库拉多贝利·杰姆(罪恶装备)
427478,fudou_yuusei_(yu-gi-oh!),4,737,不动游星(游戏王)
420633,santa_claus_(christmas),4,736,圣诞老人(圣诞节)
386902,itou_kaiji_(kaiji),4,736,伊藤开司(赌博默示录)
1550049,yamada_anna_(idolmaster_cinderella_girls),4,736,山田杏奈(偶像大师_灰姑娘女孩)
664407,himekawa_yuki_(idolmaster_cinderella_girls),4,735,姬川友纪(偶像大师_灰姑娘女孩)
421517,portgas_d._ace_(one_piece),4,734,波特卡斯·D·艾斯(海贼王)
593801,cure_rhythm_(suite_precure),4,734,旋律天使(Suite 光之美少女♪)
1346345,takimoto_hifumi_(new_game!),4,733,泷本一二三(NEW_GAME!)
1386286,yonaga_angie_(danganronpa),4,733,夜长昂希(弹丸论破)
1491428,takamiya_rion_(virtual_youtuber),4,732,高宫莉音(虚拟主播)
520900,sf-a2_miki_(vocaloid),4,731,SF-A2 歌爱美纪(vocaloid)
408937,young_link_(the_legend_of_zelda),4,730,幼年林克(塞尔达传说)
432820,nijimura_okuyasu_(jojo_no_kimyou_na_bouken),4,730,虹村亿泰(JOJO 的奇妙冒险)
690136,touhoku_zunko_(vocaloid),4,730,东北俊子(vocaloid)
1491126,tsuyuri_kanao_(kimetsu_no_yaiba),4,730,栗花落香奈乎(鬼灭之刃)
1305382,kogitsunemaru_(touken_ranbu),4,729,小狐丸(刀剑乱舞)
1538827,mercedes_von_martritz_(fire_emblem),4,727,梅尔赛德司·冯·马尔特利兹(火焰之纹章)
708153,seto_kousuke_(kagerou_project),4,724,濑户幸助(阳炎 Project)
1356607,chomusuke_(kono_subarashii_sekai_ni_shukufuku_wo!),4,724,巧姆丝凯(为美好的世界献上祝福!)
31266,roy_mustang_(fullmetal_alchemist),4,723,罗伊·马斯坦(钢之炼金术师)
1377218,otomachi_una_(vocaloid),4,723,音街鳗(vocaloid)
1343981,mikumo_guynemer_(macross),4,722,美云·吉努梅尔(超时空要塞)
713347,katagiri_sanae_(idolmaster_cinderella_girls),4,720,片桐早苗(偶像大师_灰姑娘女孩)
384314,saigusa_haruka_(little_busters!),4,719,三枝叶留佳(Little_Busters!)
1461165,uchi_emiri_(WataMote),4,716,内海惠理(我不受欢迎，怎么想都是你们的错!)
496529,touwa_erio_(denpa_onna_to_seishun_otoko),4,714,藤和艾莉欧(电波女与青春男)
408664,pachirisu_(pokemon),4,713,帕奇利兹(宝可梦)
701386,koizumi_mahiru_(danganronpa),4,711,小泉真昼(弹丸论破)
1237658,error_musume_(kantai_collection),4,709,报错娘(舰队 Collection)
713611,utsugi_yuuki_(idolmaster_cinderella_girls),4,708,宇津木悠希(偶像大师_灰姑娘女孩)
1067206,hayasaka_mirei_(idolmaster_cinderella_girls),4,708,早坂美玲(偶像大师_灰姑娘女孩)
405335,olimar_(pikmin),4,707,奥利马(皮克敏)
644034,kariya_masaki_(fate),4,706,狩屋正树(Fate 系列)
1337509,freyja_wion_(macross),4,706,芙蕾雅·薇恩(超时空要塞)
1445281,misono_karin_(Madoka Magica),4,706,美园花凛(魔法少女小圆)
1689852,hatsutori_hajime_(idolmaster),4,706,初鸟创(偶像大师)
1722734,bronya_rand_(honkai_impact),4,706,布洛妮娅(崩坏 3)
1272430,isolated_island_oni_(kantai_collection),4,705,孤岛之鬼(舰队 Collection)
462515,aono_miki_(vocaloid),4,704,苍乃美希(vocaloid)
1520873,murosaki_miyo_(kantai_collection),4,704,室咲美夜(舰队 Collection)
480982,asbel_lhant_(tales_of),4,703,阿斯贝尔·兰特(传说系列)
1420829,matsubara_kanon_(idolmaster_cinderella_girls),4,703,松原花音(偶像大师_灰姑娘女孩)
1530109,alcremie_(pokemon),4,702,霜奶仙(宝可梦)
4516,poring_(ragnarok_online),4,701,波利(仙境传说)
381037,minazuki_karen_(yes!_precure),4,700,水无月香恋(Yes!光之美少女 5)
731293,nakiri_erina_(shokugeki_no_souma),4,700,薙切绘里奈(食戟之灵)
1400388,olga_marie_animusphere_(fate),4,699,奥尔加玛丽·阿尼姆斯菲亚(Fate 系列)
575935,mishaguji_(touhou),4,698,御社宫司(东方 Project)
497689,cheria_barnes_(tales_of),4,697,雪莉亚·邦兹(传说系列)
1500529,rindou_mikoto_(virtual_youtuber),4,697,龙胆尊(虚拟主播)
717138,cure_sword_(dokidoki_precure),4,696,剑天使(心跳!光之美少女)
958112,hakozaki_serika_(idolmaster_cinderella_girls),4,696,箱崎星梨花(偶像大师_灰姑娘女孩)
1578643,mifune_shioriko_(love_live!),4,696,三船栞子(LoveLive!)
1296576,kirishima_eijirou_(boku_no_hero_academia),4,695,切岛锐儿郎(我的英雄学院)
1434774,uehara_himari_(bandori),4,694,上原绯玛丽(BanG_Dream!)
1387021,tanigaki_genjirou_(golden_kamuy),4,692,谷垣源次郎(黄金神威)
433613,sailor_chibi_moon_(sailor_moon),4,690,水手小月亮(美少女战士)
1677248,lain_paterson_(nijisanji),4,690,莱恩·帕特森(彩虹社)
1331206,kawakami_mai_(musaigen_no_phantom_world),4,689,川神舞(无彩限的怪灵世界)
1564454,subaru_duck_(idolmaster),4,689,斯巴鲁鸭(偶像大师)
1520862,hozuki_kaede_(idolmaster),4,688,鬼灯枫(偶像大师)
1495284,honma_himawari_(idolmaster),4,688,本间向日葵(偶像大师)
1507455,himesaka_noa_(idolmaster),4,687,姬坂乃爱(偶像大师)
548087,hasegawa_kobato_(boku_wa_tomodachi_ga_sukunai),4,686,长谷川小鸠(我的朋友很少)
1525774,wooloo_(pokemon),4,686,毛辫羊(宝可梦)
416301,asahina_aoi_(danganronpa),4,684,朝日奈葵(弹丸论破)
971934,vampy_(idolmaster),4,683,斑比(偶像大师)
1411715,okusawa_misaki_(bandori),4,683,奥泽美咲(BanG_Dream!)
1420691,imai_lisa_(bandori),4,683,今井莉莎(BanG_Dream!)
1552638,kagemori_michiru_(brand_new_animal),4,683,影森满(Brand_New_Animal)
437350,ayatsuji_tsukasa_(idan_invaded),4,682,绚辻词(侵侵侵)
658080,ikusaba_mukuro_(danganronpa),4,679,战刃骸(弹丸论破)
1445024,shirasagi_chisato_(bandori),4,679,白鹭千圣(BanG_Dream!)
437351,morishima_haruka_(idolmaster_cinderella_girls),4,678,森岛遥(偶像大师_灰姑娘女孩)
1520878,oka_asahi_(idolmaster),4,678,冈崎朝日(偶像大师)
1459803,mitsumine_yuika_(idolmaster),4,677,三峰结华(偶像大师)
1460549,nekomiya_hinata_(vshojo),4,677,猫宫日向(VShojo)
1343588,shimada_chiyo_(girls_und_panzer),4,676,岛田千代(少女与战车)
1505254,uesugi_fuutarou_(go-toubun_no_hanayome),4,676,上杉风太郎(五等分的新娘)
1443600,romani_archaman_(fate),4,673,罗曼尼·阿其曼(Fate 系列)
842024,tanaka_kotoha_(idolmaster_cinderella_girls),4,672,田中琴叶(偶像大师_灰姑娘女孩)
1315625,adult_neptune_(hyperdimension_neptunia),4,672,成年涅普顿(海王星系列)
1695582,laura_la_mer_(tropical-rouge!_precure),4,672,劳拉·拉·梅尔(Tropical-Rouge!光之美少女)
1493140,red_pikmin_(pikmin),4,669,红色皮克敏(皮克敏)
1257848,hoshimiya_kate_(idolmaster),4,669,星宫凯特(偶像大师)
700408,saionji_hiyoko_(danganronpa),4,668,西园寺日寄子(弹丸论破)
422385,wingull_(pokemon),4,666,长翅鸥(宝可梦)
1284579,bertolt_hoover_(shingeki_no_kyojin),4,664,贝特霍尔德·胡佛(进击的巨人)
1286003,alice_cartelet_(kin-iro_mosaic),4,663,爱丽丝·卡塔雷特(黄金拼图)
1465798,morinaka_kazaki_(nijisanji),4,661,森中花咲(彩虹社)
1606123,kon_kanaho_(idolmaster_cinderella_girls),4,659,近江彼方(偶像大师_灰姑娘女孩)
1528696,nui_sociere_(bandori),4,658,纽伊·索谢尔(BanG_Dream!)
1419936,minato_yukina_(bandori),4,656,凑友希那(BanG_Dream!)
1325649,hacka_doll_3_(hacka_doll),4,654,黑客娃娃3号(Hacka_Doll)
1535934,falin_thorden_(dungeon_meshi),4,654,法琳·图登(迷宫饭)
1276394,yorita_yoshino_(idolmaster_cinderella_girls),4,653,依田芳乃(偶像大师_灰姑娘女孩)
664507,aiba_yumi_(idolmaster_cinderella_girls),4,651,相叶夕美(偶像大师_灰姑娘女孩)
1482584,xenovia_quarta_(high_school_dxd),4,650,洁诺薇亚·夸塔(恶魔高校 D×D)
1284942,midway_princess_(kantai_collection),4,645,中途岛栖姬(舰队 Collection)
722673,yukimura_aoi_(sengoku_basara),4,644,雪村葵(战国 BASARA)
1386296,chabashira_tenko_(danganronpa),4,644,茶柱转子(弹丸论破)
466270,apollo_justice_(ace_attorney),4,643,王泥喜法介(逆转裁判)
1504963,hoshina_hikaru_(star_twinkle_precure),4,643,星奈光(Star☆Twinkle 光之美少女)
1538826,annette_fantine_dominic_(fire_emblem),4,641,安妮特·方丹·多米尼克(火焰之纹章)
1535933,laios_thorden_(dungeon_meshi),4,636,莱欧斯·图登(迷宫饭)
1523150,bokukawauso_(touhou),4,634,獭(东方 Project)
1255892,cure_lovely_(happinessCharge_precure!),4,633,可爱天使(HappinessCharge 光之美少女!)
1312417,muppo_(idolmaster),4,631,姆波(偶像大师)
1513963,shirayuki_chiyo_(idolmaster_cinderella_girls),4,631,白雪千代(偶像大师_灰姑娘女孩)
1420746,udagawa_tomoe_(bandori),4,627,宇田川巴(BanG_Dream!)
1886371,cure_sky_(hirogaru_sky_precure!),4,627,天空天使(开阔天空！光之美少女)
788671,bottle_miku_(vocaloid),4,625,瓶初音(vocaloid)
1423117,sakuramori_kaori_(idolmaster),4,624,樱守歌织(偶像大师)
1319286,yoshikawa_yuuko_(idolmaster_cinderella_girls),4,620,吉川优子(偶像大师_灰姑娘女孩)
1340823,asirpa_(golden_kamuy),4,618,阿席莉帕(黄金神威)
1504669,tsujino_akari_(idolmaster_cinderella_girls),4,614,辻野朱里(偶像大师_灰姑娘女孩)
1533772,uzuki_sayaka_(idolmaster_cinderella_girls),4,607,卯月彩华(偶像大师_灰姑娘女孩)
1533771,kumada_masaru_(idolmaster_cinderella_girls),4,600,熊田胜(偶像大师_灰姑娘女孩)
