startedIso,endedIso,durationSeconds,idleSeconds,linesAdded,linesDeleted,perFileSeconds,perLanguageSeconds,authorName,authorEmail,machine,ideName,workspace,repoPath,branch,issueKey,comment,goals
2025-12-20T17:54:25.751Z,2025-12-20T17:54:25.751Z,0,0,0,0,{},{},misakimiku2,misakimiku2@gmail.com,MisakiMiku,Trae CN,aurora-gallery-tauri,c:\Users\Misaki\Desktop\git\aurora-gallery-tauri,,,,[]
2025-12-20T21:25:08.642Z,2025-12-20T21:25:08.642Z,0,0,0,0,{},{},misakimiku2,misakimiku2@gmail.com,MisakiMiku,Trae CN,aurora-gallery-tauri,c:\Users\Misaki\Desktop\git\aurora-gallery-tauri,,,,[]
2025-12-20T21:25:08.642Z,2025-12-20T21:25:08.642Z,0,0,0,0,{},{},misakimiku2,misakimiku2@gmail.com,MisakiMiku,Trae CN,aurora-gallery-tauri,c:\Users\Misaki\Desktop\git\aurora-gallery-tauri,,,,[]
2025-12-20T21:28:13.321Z,2025-12-20T21:28:13.321Z,0,0,0,0,{},{},misakimiku2,misakimiku2@gmail.com,MisakiMiku,Trae CN,aurora-gallery-tauri,c:\Users\Misaki\Desktop\git\aurora-gallery-tauri,,,,[]
2025-12-20T21:28:13.321Z,2025-12-20T21:28:13.321Z,0,0,0,0,{},{},misakimiku2,misakimiku2@gmail.com,MisakiMiku,Trae CN,aurora-gallery-tauri,c:\Users\Misaki\Desktop\git\aurora-gallery-tauri,,,,[]
